{
  "parent": "minecraft:item/generated",
  "textures": {
    "layer0": "minecraft:item/gold_nugget"
  },
	"overrides": [
        {"predicate":{"custom_model_data":6500},"model":"skyblock/setup/gate"},
        {"predicate":{"custom_model_data":7000},"model":"skyblock/setup/air"},
        {"predicate":{"custom_model_data":7001},"model":"skyblock/setup/minionregion"},
        {"predicate":{"custom_model_data":7002},"model":"skyblock/setup/minionplace"},
        {"predicate":{"custom_model_data":7003},"model":"skyblock/setup/mark"},
        {"predicate":{"custom_model_data":7004},"model":"skyblock/setup/letters"},
        {"predicate":{"custom_model_data":7005},"model":"skyblock/setup/letterk"},
        {"predicate":{"custom_model_data":7006},"model":"skyblock/setup/lettery"},
        {"predicate":{"custom_model_data":7007},"model":"skyblock/setup/letterb"},
        {"predicate":{"custom_model_data":7008},"model":"skyblock/setup/letterl"},
        {"predicate":{"custom_model_data":7009},"model":"skyblock/setup/lettero"},
        {"predicate":{"custom_model_data":7010},"model":"skyblock/setup/letterc"},
        {"predicate":{"custom_model_data":7011},"model":"skyblock/setup/banner"},
        {"predicate":{"custom_model_data":7012},"model":"skyblock/setup/common"},
        {"predicate":{"custom_model_data":7013},"model":"skyblock/setup/uncommon"},
        {"predicate":{"custom_model_data":7014},"model":"skyblock/setup/rare"},
        {"predicate":{"custom_model_data":7015},"model":"skyblock/setup/epic"},
        {"predicate":{"custom_model_data":7016},"model":"skyblock/setup/legendary"},
        {"predicate":{"custom_model_data":7017},"model":"skyblock/setup/ball"},
        {"predicate":{"custom_model_data":7035},"model":"skyblock/setup/left"},
        {"predicate":{"custom_model_data":7036},"model":"skyblock/setup/right"},
        {"predicate":{"custom_model_data":7037},"model":"skyblock/setup/electric"},
        {"predicate":{"custom_model_data":7038},"model":"skyblock/setup/boosters"}
      ]
}