{
  "parent": "minecraft:item/generated",
  "textures": {
    "layer0": "minecraft:item/potion_overlay",
    "layer1": "minecraft:item/potion"
  },
	"overrides": [
        {"predicate":{"custom_model_data":7000},"model":"skyblock/setup/circle"},
        {"predicate":{"custom_model_data":7001},"model":"skyblock/setup/circle2"},
        {"predicate":{"custom_model_data":7002},"model":"skyblock/setup/confetti"},
        {"predicate":{"custom_model_data":7003},"model":"skyblock/setup/confetti2"},
        {"predicate":{"custom_model_data":7004},"model":"skyblock/setup/balleffect"}
      ]
}