{
	"credit": "Made with Blockbench",
	"texture_size": [32, 32],
	"textures": {
		"0": "skyblock/setup/boosters",
		"particle": "skyblock/setup/boosters"
	},
	"elements": [
		{
			"from": [11, 0, 7],
			"to": [13, 1, 9],
			"rotation": {"angle": 0, "axis": "y", "origin": [11, 0, 7]},
			"faces": {
				"north": {"uv": [5.5, 3, 6.5, 3.5], "texture": "#0"},
				"east": {"uv": [1, 9, 2, 9.5], "texture": "#0"},
				"south": {"uv": [9, 2, 10, 2.5], "texture": "#0"},
				"west": {"uv": [9, 5, 10, 5.5], "texture": "#0"},
				"up": {"uv": [1, 7.5, 0, 6.5], "texture": "#0"},
				"down": {"uv": [3.5, 6.5, 2.5, 7.5], "texture": "#0"}
			}
		},
		{
			"from": [10, 1, 7],
			"to": [13, 2, 9],
			"rotation": {"angle": 0, "axis": "y", "origin": [11, 1, 7]},
			"faces": {
				"north": {"uv": [8.5, 4.5, 10, 5], "texture": "#0"},
				"east": {"uv": [9, 5.5, 10, 6], "texture": "#0"},
				"south": {"uv": [8.5, 6, 10, 6.5], "texture": "#0"},
				"west": {"uv": [7, 9, 8, 9.5], "texture": "#0"},
				"up": {"uv": [1.5, 3, 0, 2], "texture": "#0"},
				"down": {"uv": [3.5, 0, 2, 1], "texture": "#0"}
			}
		},
		{
			"from": [3, 1, 7],
			"to": [6, 2, 9],
			"rotation": {"angle": 0, "axis": "y", "origin": [4, 1, 7]},
			"faces": {
				"north": {"uv": [8.5, 6.5, 10, 7], "texture": "#0"},
				"east": {"uv": [9, 7.5, 10, 8], "texture": "#0"},
				"south": {"uv": [7, 8.5, 8.5, 9], "texture": "#0"},
				"west": {"uv": [8, 9, 9, 9.5], "texture": "#0"},
				"up": {"uv": [3.5, 2, 2, 1], "texture": "#0"},
				"down": {"uv": [3, 2, 1.5, 3], "texture": "#0"}
			}
		},
		{
			"from": [3, 0, 7],
			"to": [5, 1, 9],
			"rotation": {"angle": 0, "axis": "y", "origin": [3, 0, 7]},
			"faces": {
				"north": {"uv": [9, 8, 10, 8.5], "texture": "#0"},
				"east": {"uv": [9, 9, 10, 9.5], "texture": "#0"},
				"south": {"uv": [0, 9.5, 1, 10], "texture": "#0"},
				"west": {"uv": [1, 9.5, 2, 10], "texture": "#0"},
				"up": {"uv": [7.5, 4, 6.5, 3], "texture": "#0"},
				"down": {"uv": [4.5, 6.5, 3.5, 7.5], "texture": "#0"}
			}
		},
		{
			"from": [9, 2, 7],
			"to": [12, 4, 9],
			"rotation": {"angle": 0, "axis": "y", "origin": [10, 2, 7]},
			"faces": {
				"north": {"uv": [0, 3, 1.5, 4], "texture": "#0"},
				"east": {"uv": [6.5, 4, 7.5, 5], "texture": "#0"},
				"south": {"uv": [1.5, 3, 3, 4], "texture": "#0"},
				"west": {"uv": [4.5, 6.5, 5.5, 7.5], "texture": "#0"},
				"up": {"uv": [4.5, 3, 3, 2], "texture": "#0"},
				"down": {"uv": [4.5, 3, 3, 4], "texture": "#0"}
			}
		},
		{
			"from": [9, 4, 7],
			"to": [11, 5, 9],
			"rotation": {"angle": 0, "axis": "y", "origin": [10, 4, 7]},
			"faces": {
				"north": {"uv": [2, 9.5, 3, 10], "texture": "#0"},
				"east": {"uv": [9.5, 2.5, 10.5, 3], "texture": "#0"},
				"south": {"uv": [3, 9.5, 4, 10], "texture": "#0"},
				"west": {"uv": [9.5, 3, 10.5, 3.5], "texture": "#0"},
				"up": {"uv": [6.5, 7.5, 5.5, 6.5], "texture": "#0"},
				"down": {"uv": [7.5, 6.5, 6.5, 7.5], "texture": "#0"}
			}
		},
		{
			"from": [4, 2, 7],
			"to": [7, 4, 9],
			"rotation": {"angle": 0, "axis": "y", "origin": [5, 2, 7]},
			"faces": {
				"north": {"uv": [3.5, 0, 5, 1], "texture": "#0"},
				"east": {"uv": [1, 7, 2, 8], "texture": "#0"},
				"south": {"uv": [3.5, 1, 5, 2], "texture": "#0"},
				"west": {"uv": [7, 2, 8, 3], "texture": "#0"},
				"up": {"uv": [1.5, 5, 0, 4], "texture": "#0"},
				"down": {"uv": [3, 4, 1.5, 5], "texture": "#0"}
			}
		},
		{
			"from": [5, 4, 7],
			"to": [7, 5, 9],
			"rotation": {"angle": 0, "axis": "y", "origin": [6, 4, 7]},
			"faces": {
				"north": {"uv": [9.5, 3.5, 10.5, 4], "texture": "#0"},
				"east": {"uv": [4, 9.5, 5, 10], "texture": "#0"},
				"south": {"uv": [9.5, 4, 10.5, 4.5], "texture": "#0"},
				"west": {"uv": [5, 9.5, 6, 10], "texture": "#0"},
				"up": {"uv": [8, 6, 7, 5], "texture": "#0"},
				"down": {"uv": [1, 7.5, 0, 8.5], "texture": "#0"}
			}
		},
		{
			"from": [7, 3, 7],
			"to": [9, 6, 9],
			"rotation": {"angle": 0, "axis": "y", "origin": [8, 4, 7]},
			"faces": {
				"north": {"uv": [3, 4, 4, 5.5], "texture": "#0"},
				"east": {"uv": [4, 4, 5, 5.5], "texture": "#0"},
				"south": {"uv": [4.5, 2, 5.5, 3.5], "texture": "#0"},
				"west": {"uv": [0, 5, 1, 6.5], "texture": "#0"},
				"up": {"uv": [3, 8.5, 2, 7.5], "texture": "#0"},
				"down": {"uv": [4, 7.5, 3, 8.5], "texture": "#0"}
			}
		},
		{
			"from": [11, 5, 7],
			"to": [13, 6, 9],
			"rotation": {"angle": 0, "axis": "y", "origin": [11, 5, 7]},
			"faces": {
				"north": {"uv": [6, 9.5, 7, 10], "texture": "#0"},
				"east": {"uv": [7, 9.5, 8, 10], "texture": "#0"},
				"south": {"uv": [9.5, 7, 10.5, 7.5], "texture": "#0"},
				"west": {"uv": [8, 9.5, 9, 10], "texture": "#0"},
				"up": {"uv": [8.5, 4, 7.5, 3], "texture": "#0"},
				"down": {"uv": [5, 7.5, 4, 8.5], "texture": "#0"}
			}
		},
		{
			"from": [12, 4, 7],
			"to": [13, 5, 9],
			"rotation": {"angle": 0, "axis": "y", "origin": [11, 4, 7]},
			"faces": {
				"north": {"uv": [4.5, 3.5, 5, 4], "texture": "#0"},
				"east": {"uv": [9, 9.5, 10, 10], "texture": "#0"},
				"south": {"uv": [2.5, 5, 3, 5.5], "texture": "#0"},
				"west": {"uv": [0, 10, 1, 10.5], "texture": "#0"},
				"up": {"uv": [1.5, 11, 1, 10], "texture": "#0"},
				"down": {"uv": [2, 10, 1.5, 11], "texture": "#0"}
			}
		},
		{
			"from": [3, 4, 7],
			"to": [4, 5, 9],
			"rotation": {"angle": 0, "axis": "y", "origin": [2, 4, 7]},
			"faces": {
				"north": {"uv": [6.5, 5, 7, 5.5], "texture": "#0"},
				"east": {"uv": [10, 1, 11, 1.5], "texture": "#0"},
				"south": {"uv": [2, 7, 2.5, 7.5], "texture": "#0"},
				"west": {"uv": [2, 10, 3, 10.5], "texture": "#0"},
				"up": {"uv": [3.5, 11, 3, 10], "texture": "#0"},
				"down": {"uv": [4, 10, 3.5, 11], "texture": "#0"}
			}
		},
		{
			"from": [10, 6, 7],
			"to": [13, 7, 9],
			"rotation": {"angle": 0, "axis": "y", "origin": [11, 6, 7]},
			"faces": {
				"north": {"uv": [8.5, 8.5, 10, 9], "texture": "#0"},
				"east": {"uv": [10, 2, 11, 2.5], "texture": "#0"},
				"south": {"uv": [9, 0, 10.5, 0.5], "texture": "#0"},
				"west": {"uv": [4, 10, 5, 10.5], "texture": "#0"},
				"up": {"uv": [6.5, 1, 5, 0], "texture": "#0"},
				"down": {"uv": [2.5, 5, 1, 6], "texture": "#0"}
			}
		},
		{
			"from": [3, 6, 7],
			"to": [6, 7, 9],
			"rotation": {"angle": 0, "axis": "y", "origin": [4, 6, 7]},
			"faces": {
				"north": {"uv": [9, 0.5, 10.5, 1], "texture": "#0"},
				"east": {"uv": [10, 4.5, 11, 5], "texture": "#0"},
				"south": {"uv": [9, 1.5, 10.5, 2], "texture": "#0"},
				"west": {"uv": [5, 10, 6, 10.5], "texture": "#0"},
				"up": {"uv": [6.5, 2, 5, 1], "texture": "#0"},
				"down": {"uv": [6.5, 3.5, 5, 4.5], "texture": "#0"}
			}
		},
		{
			"from": [3, 5, 7],
			"to": [5, 6, 9],
			"rotation": {"angle": 0, "axis": "y", "origin": [3, 5, 7]},
			"faces": {
				"north": {"uv": [10, 5, 11, 5.5], "texture": "#0"},
				"east": {"uv": [10, 5.5, 11, 6], "texture": "#0"},
				"south": {"uv": [6, 10, 7, 10.5], "texture": "#0"},
				"west": {"uv": [10, 6, 11, 6.5], "texture": "#0"},
				"up": {"uv": [8.5, 5, 7.5, 4], "texture": "#0"},
				"down": {"uv": [6, 7.5, 5, 8.5], "texture": "#0"}
			}
		},
		{
			"from": [9, 7, 7],
			"to": [12, 9, 9],
			"rotation": {"angle": 0, "axis": "y", "origin": [10, 7, 7]},
			"faces": {
				"north": {"uv": [5, 4.5, 6.5, 5.5], "texture": "#0"},
				"east": {"uv": [6, 7.5, 7, 8.5], "texture": "#0"},
				"south": {"uv": [5.5, 2, 7, 3], "texture": "#0"},
				"west": {"uv": [7.5, 6, 8.5, 7], "texture": "#0"},
				"up": {"uv": [4, 6.5, 2.5, 5.5], "texture": "#0"},
				"down": {"uv": [5.5, 5.5, 4, 6.5], "texture": "#0"}
			}
		},
		{
			"from": [9, 9, 7],
			"to": [11, 10, 9],
			"rotation": {"angle": 0, "axis": "y", "origin": [10, 9, 7]},
			"faces": {
				"north": {"uv": [10, 6.5, 11, 7], "texture": "#0"},
				"east": {"uv": [7, 10, 8, 10.5], "texture": "#0"},
				"south": {"uv": [10, 7.5, 11, 8], "texture": "#0"},
				"west": {"uv": [8, 10, 9, 10.5], "texture": "#0"},
				"up": {"uv": [8, 8.5, 7, 7.5], "texture": "#0"},
				"down": {"uv": [9, 0, 8, 1], "texture": "#0"}
			}
		},
		{
			"from": [6, 10, 7],
			"to": [10, 11, 9],
			"rotation": {"angle": 0, "axis": "y", "origin": [9, 10, 7]},
			"faces": {
				"north": {"uv": [7.5, 7, 9.5, 7.5], "texture": "#0"},
				"east": {"uv": [10, 8, 11, 8.5], "texture": "#0"},
				"south": {"uv": [8, 1, 10, 1.5], "texture": "#0"},
				"west": {"uv": [10, 8.5, 11, 9], "texture": "#0"},
				"up": {"uv": [2, 1, 0, 0], "texture": "#0"},
				"down": {"uv": [2, 1, 0, 2], "texture": "#0"}
			}
		},
		{
			"from": [7, 11, 7],
			"to": [9, 12, 9],
			"rotation": {"angle": 0, "axis": "y", "origin": [9, 11, 7]},
			"faces": {
				"north": {"uv": [9, 10, 10, 10.5], "texture": "#0"},
				"east": {"uv": [10, 9, 11, 9.5], "texture": "#0"},
				"south": {"uv": [10, 9.5, 11, 10], "texture": "#0"},
				"west": {"uv": [10, 10, 11, 10.5], "texture": "#0"},
				"up": {"uv": [2, 9, 1, 8], "texture": "#0"},
				"down": {"uv": [9, 1.5, 8, 2.5], "texture": "#0"}
			}
		},
		{
			"from": [4, 7, 7],
			"to": [7, 9, 9],
			"rotation": {"angle": 0, "axis": "y", "origin": [5, 7, 7]},
			"faces": {
				"north": {"uv": [5.5, 5.5, 7, 6.5], "texture": "#0"},
				"east": {"uv": [8, 5, 9, 6], "texture": "#0"},
				"south": {"uv": [1, 6, 2.5, 7], "texture": "#0"},
				"west": {"uv": [8, 7.5, 9, 8.5], "texture": "#0"},
				"up": {"uv": [8, 1, 6.5, 0], "texture": "#0"},
				"down": {"uv": [8, 1, 6.5, 2], "texture": "#0"}
			}
		},
		{
			"from": [5, 9, 7],
			"to": [7, 10, 9],
			"rotation": {"angle": 0, "axis": "y", "origin": [6, 9, 7]},
			"faces": {
				"north": {"uv": [0, 10.5, 1, 11], "texture": "#0"},
				"east": {"uv": [10.5, 0, 11.5, 0.5], "texture": "#0"},
				"south": {"uv": [10.5, 0.5, 11.5, 1], "texture": "#0"},
				"west": {"uv": [10.5, 1.5, 11.5, 2], "texture": "#0"},
				"up": {"uv": [1, 9.5, 0, 8.5], "texture": "#0"},
				"down": {"uv": [3, 8.5, 2, 9.5], "texture": "#0"}
			}
		},
		{
			"from": [7, 8, 7],
			"to": [9, 10, 9],
			"rotation": {"angle": 0, "axis": "y", "origin": [8, 9, 7]},
			"faces": {
				"north": {"uv": [8.5, 2.5, 9.5, 3.5], "texture": "#0"},
				"east": {"uv": [3, 8.5, 4, 9.5], "texture": "#0"},
				"south": {"uv": [8.5, 3.5, 9.5, 4.5], "texture": "#0"},
				"west": {"uv": [4, 8.5, 5, 9.5], "texture": "#0"},
				"up": {"uv": [6, 9.5, 5, 8.5], "texture": "#0"},
				"down": {"uv": [7, 8.5, 6, 9.5], "texture": "#0"}
			}
		}
	]
}