{
	"credit": "Made with Blockbench",
	"texture_size": [32, 32],
	"textures": {
		"0": "skyblock/setup/common"
	},
	"elements": [
		{
			"name": "Crystal",
			"from": [3, 0, 3],
			"to": [12, 9, 12],
			"rotation": {"angle": 0, "axis": "z", "origin": [7.5, 4.5, 7.5]},
			"faces": {
				"north": {"uv": [0, 0, 4.5, 4.5], "texture": "#0"},
				"east": {"uv": [0, 4.5, 4.5, 9], "texture": "#0"},
				"south": {"uv": [4.5, 0, 9, 4.5], "texture": "#0"},
				"west": {"uv": [4.5, 4.5, 9, 9], "texture": "#0"},
				"up": {"uv": [4.5, 13.5, 0, 9], "texture": "#0"},
				"down": {"uv": [13.5, 0, 9, 4.5], "texture": "#0"}
			}
		}
	],
	"display": {
		"thirdperson_righthand": {
			"rotation": [40.32, 45, 0.56],
			"translation": [0.5, 2.25, 0.25],
			"scale": [0.5, 0.5, 0.5]
		},
		"thirdperson_lefthand": {
			"rotation": [40.32, 45, 0.56],
			"translation": [0.5, 2.25, 0.25],
			"scale": [0.5, 0.5, 0.5]
		},
		"firstperson_righthand": {
			"translation": [2, 2, -0.75],
			"scale": [0.5, 0.5, 0.5]
		},
		"firstperson_lefthand": {
			"translation": [1.5, 2, -0.75],
			"scale": [0.5, 0.5, 0.5]
		},
		"ground": {
			"translation": [0, 3.75, 0],
			"scale": [0.5, 0.5, 0.5]
		},
		"gui": {
			"rotation": [25, 45, 0],
			"translation": [0.75, 2.75, 0]
		},
		"head": {
			"rotation": [45, 0, 35],
			"translation": [-1.75, 17.25, 3]
		},
		"fixed": {
			"translation": [0, 3.5, -3]
		}
	}
}