{
	"credit": "Made with Blockbench",
	"textures": {
		"0": "skyblock/setup/body",
		"1": "skyblock/setup/letters",
		"particle": "skyblock/setup/body"
	},
	"elements": [
		{
			"from": [7.5, 0.75, 4],
			"to": [11.5, 2.75, 4],
			"rotation": {"angle": 0, "axis": "y", "origin": [9, 1.25, 4]},
			"faces": {
				"north": {"uv": [8, 8, 12, 10], "texture": "#1"},
				"east": {"uv": [0, 0, 0, 2], "texture": "#1"},
				"south": {"uv": [9, 4, 13, 6], "texture": "#1"},
				"west": {"uv": [0, 0, 0, 2], "texture": "#1"},
				"up": {"uv": [4, 0, 0, 0], "texture": "#1"},
				"down": {"uv": [4, 0, 0, 0], "texture": "#1"}
			}
		},
		{
			"from": [4.5, 8.75, 4],
			"to": [8.5, 10.75, 4],
			"rotation": {"angle": 0, "axis": "y", "origin": [5, 9.25, 4]},
			"faces": {
				"north": {"uv": [0, 8, 4, 10], "texture": "#1"},
				"east": {"uv": [0, 0, 0, 2], "texture": "#1"},
				"south": {"uv": [4, 8, 8, 10], "texture": "#1"},
				"west": {"uv": [0, 0, 0, 2], "texture": "#1"},
				"up": {"uv": [4, 0, 0, 0], "texture": "#1"},
				"down": {"uv": [4, 0, 0, 0], "texture": "#1"}
			}
		},
		{
			"from": [8.5, 6.75, 4],
			"to": [11.5, 10.75, 4],
			"rotation": {"angle": 0, "axis": "y", "origin": [9, 5.25, 4]},
			"faces": {
				"north": {"uv": [0, 4, 3, 8], "texture": "#1"},
				"east": {"uv": [0, 0, 0, 4], "texture": "#1"},
				"south": {"uv": [3, 4, 6, 8], "texture": "#1"},
				"west": {"uv": [0, 0, 0, 4], "texture": "#1"},
				"up": {"uv": [3, 0, 0, 0], "texture": "#1"},
				"down": {"uv": [3, 0, 0, 0], "texture": "#1"}
			}
		},
		{
			"from": [4.5, 4.75, 4],
			"to": [11.5, 6.75, 4],
			"rotation": {"angle": 0, "axis": "y", "origin": [9, 5.25, 4]},
			"faces": {
				"north": {"uv": [0, 0, 7, 2], "texture": "#1"},
				"east": {"uv": [0, 0, 0, 2], "texture": "#1"},
				"south": {"uv": [0, 2, 7, 4], "texture": "#1"},
				"west": {"uv": [0, 0, 0, 2], "texture": "#1"},
				"up": {"uv": [7, 0, 0, 0], "texture": "#1"},
				"down": {"uv": [7, 0, 0, 0], "texture": "#1"}
			}
		},
		{
			"from": [4.5, 0.75, 4],
			"to": [7.5, 4.75, 4],
			"rotation": {"angle": 0, "axis": "y", "origin": [5, 1.25, 4]},
			"faces": {
				"north": {"uv": [6, 4, 9, 8], "texture": "#1"},
				"east": {"uv": [0, 0, 0, 4], "texture": "#1"},
				"south": {"uv": [7, 0, 10, 4], "texture": "#1"},
				"west": {"uv": [0, 0, 0, 4], "texture": "#1"},
				"up": {"uv": [3, 0, 0, 0], "texture": "#1"},
				"down": {"uv": [3, 0, 0, 0], "texture": "#1"}
			}
		},
		{
			"from": [7.5, 0, 4.01],
			"to": [12.25, 3.5, 12.01],
			"rotation": {"angle": 0, "axis": "y", "origin": [9, 1.25, 4]},
			"faces": {
				"north": {"uv": [13.5, 6, 16, 8], "texture": "#0"},
				"east": {"uv": [6, 12, 10, 14], "texture": "#0"},
				"south": {"uv": [6, 14, 8.5, 16], "texture": "#0"},
				"west": {"uv": [10, 12, 14, 14], "texture": "#0"},
				"up": {"uv": [9.5, 4, 7, 0], "texture": "#0"},
				"down": {"uv": [9.5, 4, 7, 8], "texture": "#0"}
			}
		},
		{
			"from": [3.75, 8, 4.01],
			"to": [7.75, 11.5, 12.01],
			"rotation": {"angle": 0, "axis": "y", "origin": [5, 9.25, 4]},
			"faces": {
				"north": {"uv": [0, 14, 2, 16], "texture": "#0"},
				"east": {"uv": [9, 8, 13, 10], "texture": "#0"},
				"south": {"uv": [8.5, 14, 10.5, 16], "texture": "#0"},
				"west": {"uv": [9.5, 0, 13.5, 2], "texture": "#0"},
				"up": {"uv": [11.5, 6, 9.5, 2], "texture": "#0"},
				"down": {"uv": [2, 10, 0, 14], "texture": "#0"}
			}
		},
		{
			"from": [7.75, 7.5, 4.01],
			"to": [12.25, 11.5, 12.01],
			"rotation": {"angle": 0, "axis": "y", "origin": [9, 5.25, 4]},
			"faces": {
				"north": {"uv": [13, 8, 15.5, 10], "texture": "#0"},
				"east": {"uv": [9.5, 6, 13.5, 8], "texture": "#0"},
				"south": {"uv": [13.5, 0, 16, 2], "texture": "#0"},
				"west": {"uv": [2, 10, 6, 12], "texture": "#0"},
				"up": {"uv": [7, 4, 4.5, 0], "texture": "#0"},
				"down": {"uv": [7, 4, 4.5, 8], "texture": "#0"}
			}
		},
		{
			"from": [3.75, 4, 4.01],
			"to": [12.25, 7.5, 12.01],
			"rotation": {"angle": 0, "axis": "y", "origin": [9, 5.25, 4]},
			"faces": {
				"north": {"uv": [0, 8, 4.5, 10], "texture": "#0"},
				"east": {"uv": [6, 10, 10, 12], "texture": "#0"},
				"south": {"uv": [4.5, 8, 9, 10], "texture": "#0"},
				"west": {"uv": [10, 10, 14, 12], "texture": "#0"},
				"up": {"uv": [4.5, 4, 0, 0], "texture": "#0"},
				"down": {"uv": [4.5, 4, 0, 8], "texture": "#0"}
			}
		},
		{
			"from": [3.75, 0, 4.01],
			"to": [7.5, 4, 12.01],
			"rotation": {"angle": 0, "axis": "y", "origin": [5, 1.25, 4]},
			"faces": {
				"north": {"uv": [14, 10, 16, 12], "texture": "#0"},
				"east": {"uv": [11.5, 2, 15.5, 4], "texture": "#0"},
				"south": {"uv": [10.5, 14, 12.5, 16], "texture": "#0"},
				"west": {"uv": [11.5, 4, 15.5, 6], "texture": "#0"},
				"up": {"uv": [4, 16, 2, 12], "texture": "#0"},
				"down": {"uv": [6, 12, 4, 16], "texture": "#0"}
			}
		}
	]
}