{
	"credit": "Made with Blockbench",
	"textures": {
		"0": "skyblock/setup/body",
		"3": "skyblock/setup/lettery",
		"particle": "skyblock/setup/body"
	},
	"elements": [
		{
			"from": [6.5, 0.75, 4],
			"to": [9.5, 5.75, 4],
			"rotation": {"angle": 0, "axis": "y", "origin": [7.5, 0.75, 4]},
			"faces": {
				"north": {"uv": [6, 0, 9, 5], "texture": "#3"},
				"east": {"uv": [0, 0, 0, 5], "texture": "#3"},
				"south": {"uv": [6, 5, 9, 10], "texture": "#3"},
				"west": {"uv": [0, 0, 0, 5], "texture": "#3"},
				"up": {"uv": [3, 0, 0, 0], "texture": "#3"},
				"down": {"uv": [3, 0, 0, 0], "texture": "#3"}
			}
		},
		{
			"from": [8.5, 5.75, 4],
			"to": [11.5, 10.75, 4],
			"rotation": {"angle": 0, "axis": "y", "origin": [7.5, 5.75, 4]},
			"faces": {
				"north": {"uv": [0, 5, 3, 10], "texture": "#3"},
				"east": {"uv": [0, 0, 0, 5], "texture": "#3"},
				"south": {"uv": [3, 5, 6, 10], "texture": "#3"},
				"west": {"uv": [0, 0, 0, 5], "texture": "#3"},
				"up": {"uv": [3, 0, 0, 0], "texture": "#3"},
				"down": {"uv": [3, 0, 0, 0], "texture": "#3"}
			}
		},
		{
			"from": [7.5, 5.75, 4],
			"to": [8.5, 7.75, 4],
			"rotation": {"angle": 0, "axis": "y", "origin": [7.5, 5.75, 4]},
			"faces": {
				"north": {"uv": [9, 0, 10, 2], "texture": "#3"},
				"east": {"uv": [0, 0, 0, 2], "texture": "#3"},
				"south": {"uv": [9, 2, 10, 4], "texture": "#3"},
				"west": {"uv": [0, 0, 0, 2], "texture": "#3"},
				"up": {"uv": [1, 0, 0, 0], "texture": "#3"},
				"down": {"uv": [1, 0, 0, 0], "texture": "#3"}
			}
		},
		{
			"from": [4.5, 5.75, 4],
			"to": [7.5, 10.75, 4],
			"rotation": {"angle": 0, "axis": "y", "origin": [2.5, 5.75, 4]},
			"faces": {
				"north": {"uv": [0, 0, 3, 5], "texture": "#3"},
				"east": {"uv": [0, 0, 0, 5], "texture": "#3"},
				"south": {"uv": [3, 0, 6, 5], "texture": "#3"},
				"west": {"uv": [0, 0, 0, 5], "texture": "#3"},
				"up": {"uv": [3, 0, 0, 0], "texture": "#3"},
				"down": {"uv": [3, 0, 0, 0], "texture": "#3"}
			}
		},
		{
			"from": [5.75, 0, 4.01],
			"to": [10.25, 5, 12.01],
			"rotation": {"angle": 0, "axis": "y", "origin": [7.5, 0.75, 4]},
			"faces": {
				"north": {"uv": [0, 0, 4.5, 5], "texture": "#0"},
				"east": {"uv": [0, 0, 8, 5], "texture": "#0"},
				"south": {"uv": [0, 0, 4.5, 5], "texture": "#0"},
				"west": {"uv": [0, 0, 8, 5], "texture": "#0"},
				"up": {"uv": [0, 0, 4.5, 8], "texture": "#0"},
				"down": {"uv": [0, 0, 4.5, 8], "texture": "#0"}
			}
		},
		{
			"from": [3.75, 5, 4.01],
			"to": [12.25, 11.5, 12.01],
			"rotation": {"angle": 0, "axis": "y", "origin": [2.5, 5.75, 4]},
			"faces": {
				"north": {"uv": [0, 0, 8.5, 6.5], "texture": "#0"},
				"east": {"uv": [0, 0, 8, 6.5], "texture": "#0"},
				"south": {"uv": [0, 0, 8.5, 6.5], "texture": "#0"},
				"west": {"uv": [0, 0, 8, 6.5], "texture": "#0"},
				"up": {"uv": [0, 0, 8.5, 8], "texture": "#0"},
				"down": {"uv": [0, 0, 8.5, 8], "texture": "#0"}
			}
		}
	]
}