{
	"credit": "Made with Blockbench",
	"texture_size": [64, 64],
	"textures": {
		"0": "skyblock/setup/minionplace",
		"particle": "skyblock/setup/minionplace"
	},
	"elements": [
		{
			"from": [16, 0, 0],
			"to": [16, 16, 16],
			"rotation": {"angle": 0, "axis": "y", "origin": [0, 7, 0]},
			"faces": {
				"north": {"uv": [0, 0, 4, 5], "texture": "#0"},
				"east": {"uv": [4, 0, 8, 5], "texture": "#0"},
				"south": {"uv": [0, 5, 4, 10], "texture": "#0"},
				"west": {"uv": [4, 5, 8, 10], "texture": "#0"},
				"up": {"uv": [12, 4, 8, 0], "texture": "#0"},
				"down": {"uv": [12, 4, 8, 8], "texture": "#0"}
			}
		},
		{
			"from": [0, 0, 0],
			"to": [0, 16, 16],
			"rotation": {"angle": 0, "axis": "y", "origin": [-16, 7, 0]},
			"faces": {
				"north": {"uv": [0, 0, 4, 5], "texture": "#0"},
				"east": {"uv": [4, 0, 8, 5], "texture": "#0"},
				"south": {"uv": [0, 5, 4, 10], "texture": "#0"},
				"west": {"uv": [4, 5, 8, 10], "texture": "#0"},
				"up": {"uv": [12, 4, 8, 0], "texture": "#0"},
				"down": {"uv": [12, 4, 8, 8], "texture": "#0"}
			}
		},
		{
			"from": [0, 0, 16],
			"to": [16, 16, 16],
			"rotation": {"angle": 0, "axis": "y", "origin": [8, 7, 16]},
			"faces": {
				"north": {"uv": [4, 0, 8, 5], "texture": "#0"},
				"east": {"uv": [0, 5, 4, 10], "texture": "#0"},
				"south": {"uv": [4, 5, 8, 10], "texture": "#0"},
				"west": {"uv": [0, 0, 4, 5], "texture": "#0"},
				"up": {"uv": [12, 4, 8, 0], "rotation": 270, "texture": "#0"},
				"down": {"uv": [12, 4, 8, 8], "rotation": 90, "texture": "#0"}
			}
		},
		{
			"from": [0, 0, 0],
			"to": [16, 16, 0],
			"rotation": {"angle": 0, "axis": "y", "origin": [8, 7, 0]},
			"faces": {
				"north": {"uv": [4, 0, 8, 5], "texture": "#0"},
				"east": {"uv": [0, 5, 4, 10], "texture": "#0"},
				"south": {"uv": [4, 5, 8, 10], "texture": "#0"},
				"west": {"uv": [0, 0, 4, 5], "texture": "#0"},
				"up": {"uv": [12, 4, 8, 0], "rotation": 270, "texture": "#0"},
				"down": {"uv": [12, 4, 8, 8], "rotation": 90, "texture": "#0"}
			}
		},
		{
			"from": [0, 16, 0],
			"to": [16, 16, 16],
			"rotation": {"angle": 0, "axis": "x", "origin": [8, 16, 7]},
			"faces": {
				"north": {"uv": [12, 4, 8, 8], "rotation": 270, "texture": "#0"},
				"east": {"uv": [0, 5, 4, 10], "rotation": 270, "texture": "#0"},
				"south": {"uv": [12, 4, 8, 0], "rotation": 270, "texture": "#0"},
				"west": {"uv": [0, 0, 4, 5], "rotation": 90, "texture": "#0"},
				"up": {"uv": [4, 0, 8, 5], "rotation": 180, "texture": "#0"},
				"down": {"uv": [4, 5, 8, 10], "texture": "#0"}
			}
		},
		{
			"from": [0, 0, 0],
			"to": [16, 0, 16],
			"rotation": {"angle": 0, "axis": "x", "origin": [8, 0, 7]},
			"faces": {
				"north": {"uv": [12, 4, 8, 8], "rotation": 270, "texture": "#0"},
				"east": {"uv": [0, 5, 4, 10], "rotation": 270, "texture": "#0"},
				"south": {"uv": [12, 4, 8, 0], "rotation": 270, "texture": "#0"},
				"west": {"uv": [0, 0, 4, 5], "rotation": 90, "texture": "#0"},
				"up": {"uv": [4, 0, 8, 5], "rotation": 180, "texture": "#0"},
				"down": {"uv": [4, 5, 8, 10], "texture": "#0"}
			}
		}
	]
}