{
  "model": {
    "type": "range_dispatch",
    "property": "custom_model_data",
    "entries": [
      { "threshold": 6500, "model": { "type": "model", "model": "skyblock/setup/gate" }},
      { "threshold": 7000, "model": { "type": "model", "model": "skyblock/setup/air" }},
      { "threshold": 7001, "model": { "type": "model", "model": "skyblock/setup/minionregion" }},
      { "threshold": 7002, "model": { "type": "model", "model": "skyblock/setup/minionplace" }},
      { "threshold": 7003, "model": { "type": "model", "model": "skyblock/setup/mark" }},
      { "threshold": 7004, "model": { "type": "model", "model": "skyblock/setup/letters" }},
      { "threshold": 7005, "model": { "type": "model", "model": "skyblock/setup/letterk" }},
      { "threshold": 7006, "model": { "type": "model", "model": "skyblock/setup/lettery" }},
      { "threshold": 7007, "model": { "type": "model", "model": "skyblock/setup/letterb" }},
      { "threshold": 7008, "model": { "type": "model", "model": "skyblock/setup/letterl" }},
      { "threshold": 7009, "model": { "type": "model", "model": "skyblock/setup/lettero" }},
      { "threshold": 7010, "model": { "type": "model", "model": "skyblock/setup/letterc" }},
      { "threshold": 7011, "model": { "type": "model", "model": "skyblock/setup/banner" }},
      { "threshold": 7012, "model": { "type": "model", "model": "skyblock/setup/common" }},
      { "threshold": 7013, "model": { "type": "model", "model": "skyblock/setup/uncommon" }},
      { "threshold": 7014, "model": { "type": "model", "model": "skyblock/setup/rare" }},
      { "threshold": 7015, "model": { "type": "model", "model": "skyblock/setup/epic" }},
      { "threshold": 7016, "model": { "type": "model", "model": "skyblock/setup/legendary" }},
      { "threshold": 7017, "model": { "type": "model", "model": "skyblock/setup/ball" }},
      { "threshold": 7035, "model": { "type": "model", "model": "skyblock/setup/left" }},
      { "threshold": 7036, "model": { "type": "model", "model": "skyblock/setup/right" }},
      { "threshold": 7037, "model": { "type": "model", "model": "skyblock/setup/electric" }},
      { "threshold": 7038, "model": { "type": "model", "model": "skyblock/setup/boosters" }}
    ],
    "fallback": {
      "type": "model",
      "model": "item/gold_nugget"
    }
  }
}
