{
  "model": {
    "type": "range_dispatch",
    "property": "custom_model_data",
    "entries": [
      { "threshold": 7000, "model": { "type": "model", "model": "skyblock/setup/chest1" }},
      { "threshold": 7001, "model": { "type": "model", "model": "skyblock/setup/chest2" }},
      { "threshold": 7002, "model": { "type": "model", "model": "skyblock/setup/chest3" }},
      { "threshold": 7003, "model": { "type": "model", "model": "skyblock/setup/jobrew1" }},
      { "threshold": 7004, "model": { "type": "model", "model": "skyblock/setup/jobrew2" }},
      { "threshold": 7005, "model": { "type": "model", "model": "skyblock/setup/jobrew3" }},
      { "threshold": 7006, "model": { "type": "model", "model": "skyblock/setup/jobrew4" }},
      { "threshold": 7007, "model": { "type": "model", "model": "skyblock/setup/jobrew5" }},
      { "threshold": 7008, "model": { "type": "model", "model": "skyblock/setup/claimed" }},
      { "threshold": 7009, "model": { "type": "model", "model": "skyblock/setup/lock" }},
      { "threshold": 7010, "model": { "type": "model", "model": "skyblock/setup/magicfeather" }},
      { "threshold": 7011, "model": { "type": "model", "model": "skyblock/setup/locked" }}
    ],
    "fallback": {
      "type": "model",
      "model": "item/paper"
    }
  }
}
