{
  "model": {
    "type": "range_dispatch",
    "property": "custom_model_data",
    "entries": [
      {
        "threshold": 7000,
        "model": {
          "type": "minecraft:model",
          "model": "skyblock/setup/circle",
          "tints": [{"type": "minecraft:potion","default": -13083194}]
        }
      },
      {
        "threshold": 7001,
        "model": {
          "type": "minecraft:model",
          "model": "skyblock/setup/circle2",
          "tints": [{"type": "minecraft:potion","default": -13083194}]
        }
      },
      {
        "threshold": 7002,
        "model": {
          "type": "minecraft:model",
          "model": "skyblock/setup/confetti",
          "tints": [{"type": "minecraft:potion","default": -13083194}]
        }
      },
      {
        "threshold": 7003,
        "model": {
          "type": "minecraft:model",
          "model": "skyblock/setup/confetti2",
          "tints": [{"type": "minecraft:potion","default": -13083194}]
        }
      },
      {
        "threshold": 7004,
        "model": {
          "type": "minecraft:model",
          "model": "skyblock/setup/balleffect",
          "tints": [{"type": "minecraft:potion","default": -13083194}]
        }
      }
    ],
    "fallback": {
      "type": "minecraft:model",
      "model": "minecraft:item/potion",
      "tints": [{"type": "minecraft:potion","default": -13083194}]
    }
  }
}