{
	"credit": "Made with Blockbench",
	"texture_size": [64, 64],
	"textures": {
		"0": "skyblock/setup/circle2",
		"particle": "skyblock/setup/circle2"
	},
	"elements": [
		{
			"name": "hexadecagon",
			"from": [0, 0, 6.4087],
			"to": [0, 7, 9.5913],
			"rotation": {"angle": 0, "axis": "y", "origin": [8, 1, 8]},
			"faces": {
				"north": {"uv": [0, 0, 0, 1.75], "texture": "#0", "tintindex": 0},
				"east": {"uv": [0, 0, 0.79688, 1.75], "texture": "#0", "tintindex": 0},
				"south": {"uv": [0, 0, 0, 1.75], "texture": "#0", "tintindex": 0},
				"west": {"uv": [1, 0, 1.79688, 1.75], "texture": "#0", "tintindex": 0},
				"up": {"uv": [0, 0.79688, 0, 0], "texture": "#0", "tintindex": 0},
				"down": {"uv": [0, 0, 0, 0.79688], "texture": "#0", "tintindex": 0}
			}
		},
		{
			"name": "hexadecagon",
			"from": [0, 0, 6.4087],
			"to": [0, 7, 9.5913],
			"rotation": {"angle": 22.5, "axis": "y", "origin": [8, 1, 8]},
			"faces": {
				"north": {"uv": [0, 0, 0, 1.75], "texture": "#0", "tintindex": 0},
				"east": {"uv": [0, 1.75, 0.79688, 3.5], "texture": "#0", "tintindex": 0},
				"south": {"uv": [0, 0, 0, 1.75], "texture": "#0", "tintindex": 0},
				"west": {"uv": [1, 1.75, 1.79688, 3.5], "texture": "#0", "tintindex": 0},
				"up": {"uv": [0, 0.79688, 0, 0], "texture": "#0", "tintindex": 0},
				"down": {"uv": [0, 0, 0, 0.79688], "texture": "#0", "tintindex": 0}
			}
		},
		{
			"name": "hexadecagon",
			"from": [0, 0, 6.4087],
			"to": [0, 7, 9.5913],
			"rotation": {"angle": 45, "axis": "y", "origin": [8, 1, 8]},
			"faces": {
				"north": {"uv": [0, 0, 0, 1.75], "texture": "#0", "tintindex": 0},
				"east": {"uv": [2, 0, 2.79688, 1.75], "texture": "#0", "tintindex": 0},
				"south": {"uv": [0, 0, 0, 1.75], "texture": "#0", "tintindex": 0},
				"west": {"uv": [2, 1.75, 2.79688, 3.5], "texture": "#0", "tintindex": 0},
				"up": {"uv": [0, 0.79688, 0, 0], "texture": "#0", "tintindex": 0},
				"down": {"uv": [0, 0, 0, 0.79688], "texture": "#0", "tintindex": 0}
			}
		},
		{
			"name": "hexadecagon",
			"from": [6.4087, 0, 16],
			"to": [9.5913, 7, 16],
			"rotation": {"angle": -22.5, "axis": "y", "origin": [8, 1, 8]},
			"faces": {
				"north": {"uv": [3, 0, 3.79688, 1.75], "texture": "#0", "tintindex": 0},
				"east": {"uv": [0, 0, 0, 1.75], "texture": "#0", "tintindex": 0},
				"south": {"uv": [3, 1.75, 3.79688, 3.5], "texture": "#0", "tintindex": 0},
				"west": {"uv": [0, 0, 0, 1.75], "texture": "#0", "tintindex": 0},
				"up": {"uv": [0.79688, 0, 0, 0], "texture": "#0", "tintindex": 0},
				"down": {"uv": [0.79688, 0, 0, 0], "texture": "#0", "tintindex": 0}
			}
		},
		{
			"name": "hexadecagon",
			"from": [6.4087, 0, 16],
			"to": [9.5913, 7, 16],
			"rotation": {"angle": 0, "axis": "y", "origin": [8, 1, 8]},
			"faces": {
				"north": {"uv": [0, 3.5, 0.79688, 5.25], "texture": "#0", "tintindex": 0},
				"east": {"uv": [0, 0, 0, 1.75], "texture": "#0", "tintindex": 0},
				"south": {"uv": [1, 3.5, 1.79688, 5.25], "texture": "#0", "tintindex": 0},
				"west": {"uv": [0, 0, 0, 1.75], "texture": "#0", "tintindex": 0},
				"up": {"uv": [0.79688, 0, 0, 0], "texture": "#0", "tintindex": 0},
				"down": {"uv": [0.79688, 0, 0, 0], "texture": "#0", "tintindex": 0}
			}
		},
		{
			"name": "hexadecagon",
			"from": [6.4087, 0, 16],
			"to": [9.5913, 7, 16],
			"rotation": {"angle": 22.5, "axis": "y", "origin": [8, 1, 8]},
			"faces": {
				"north": {"uv": [2, 3.5, 2.79688, 5.25], "texture": "#0", "tintindex": 0},
				"east": {"uv": [0, 0, 0, 1.75], "texture": "#0", "tintindex": 0},
				"south": {"uv": [3, 3.5, 3.79688, 5.25], "texture": "#0", "tintindex": 0},
				"west": {"uv": [0, 0, 0, 1.75], "texture": "#0", "tintindex": 0},
				"up": {"uv": [0.79688, 0, 0, 0], "texture": "#0", "tintindex": 0},
				"down": {"uv": [0.79688, 0, 0, 0], "texture": "#0", "tintindex": 0}
			}
		},
		{
			"name": "hexadecagon",
			"from": [6.4087, 0, 16],
			"to": [9.5913, 7, 16],
			"rotation": {"angle": 45, "axis": "y", "origin": [8, 1, 8]},
			"faces": {
				"north": {"uv": [4, 0, 4.79688, 1.75], "texture": "#0", "tintindex": 0},
				"east": {"uv": [0, 0, 0, 1.75], "texture": "#0", "tintindex": 0},
				"south": {"uv": [4, 1.75, 4.79688, 3.5], "texture": "#0", "tintindex": 0},
				"west": {"uv": [0, 0, 0, 1.75], "texture": "#0", "tintindex": 0},
				"up": {"uv": [0.79688, 0, 0, 0], "texture": "#0", "tintindex": 0},
				"down": {"uv": [0.79688, 0, 0, 0], "texture": "#0", "tintindex": 0}
			}
		},
		{
			"name": "hexadecagon",
			"from": [16, 0, 6.4087],
			"to": [16, 7, 9.5913],
			"rotation": {"angle": -22.5, "axis": "y", "origin": [8, 1, 8]},
			"faces": {
				"north": {"uv": [0, 0, 0, 1.75], "texture": "#0", "tintindex": 0},
				"east": {"uv": [4, 3.5, 4.79688, 5.25], "texture": "#0", "tintindex": 0},
				"south": {"uv": [0, 0, 0, 1.75], "texture": "#0", "tintindex": 0},
				"west": {"uv": [5, 0, 5.79688, 1.75], "texture": "#0", "tintindex": 0},
				"up": {"uv": [0, 0.79688, 0, 0], "texture": "#0", "tintindex": 0},
				"down": {"uv": [0, 0, 0, 0.79688], "texture": "#0", "tintindex": 0}
			}
		},
		{
			"name": "hexadecagon",
			"from": [16, 0, 6.4087],
			"to": [16, 7, 9.5913],
			"rotation": {"angle": 0, "axis": "y", "origin": [8, 1, 8]},
			"faces": {
				"north": {"uv": [0, 0, 0, 1.75], "texture": "#0", "tintindex": 0},
				"east": {"uv": [5, 1.75, 5.79688, 3.5], "texture": "#0", "tintindex": 0},
				"south": {"uv": [0, 0, 0, 1.75], "texture": "#0", "tintindex": 0},
				"west": {"uv": [5, 3.5, 5.79688, 5.25], "texture": "#0", "tintindex": 0},
				"up": {"uv": [0, 0.79688, 0, 0], "texture": "#0", "tintindex": 0},
				"down": {"uv": [0, 0, 0, 0.79688], "texture": "#0", "tintindex": 0}
			}
		},
		{
			"name": "hexadecagon",
			"from": [16, 0, 6.4087],
			"to": [16, 7, 9.5913],
			"rotation": {"angle": 22.5, "axis": "y", "origin": [8, 1, 8]},
			"faces": {
				"north": {"uv": [0, 0, 0, 1.75], "texture": "#0", "tintindex": 0},
				"east": {"uv": [0, 5.25, 0.79688, 7], "texture": "#0", "tintindex": 0},
				"south": {"uv": [0, 0, 0, 1.75], "texture": "#0", "tintindex": 0},
				"west": {"uv": [1, 5.25, 1.79688, 7], "texture": "#0", "tintindex": 0},
				"up": {"uv": [0, 0.79688, 0, 0], "texture": "#0", "tintindex": 0},
				"down": {"uv": [0, 0, 0, 0.79688], "texture": "#0", "tintindex": 0}
			}
		},
		{
			"name": "hexadecagon",
			"from": [16, 0, 6.4087],
			"to": [16, 7, 9.5913],
			"rotation": {"angle": 45, "axis": "y", "origin": [8, 1, 8]},
			"faces": {
				"north": {"uv": [0, 0, 0, 1.75], "texture": "#0", "tintindex": 0},
				"east": {"uv": [2, 5.25, 2.79688, 7], "texture": "#0", "tintindex": 0},
				"south": {"uv": [0, 0, 0, 1.75], "texture": "#0", "tintindex": 0},
				"west": {"uv": [3, 5.25, 3.79688, 7], "texture": "#0", "tintindex": 0},
				"up": {"uv": [0, 0.79688, 0, 0], "texture": "#0", "tintindex": 0},
				"down": {"uv": [0, 0, 0, 0.79688], "texture": "#0", "tintindex": 0}
			}
		},
		{
			"name": "hexadecagon",
			"from": [6.4087, 0, 0],
			"to": [9.5913, 7, 0],
			"rotation": {"angle": -22.5, "axis": "y", "origin": [8, 1, 8]},
			"faces": {
				"north": {"uv": [4, 5.25, 4.79688, 7], "texture": "#0", "tintindex": 0},
				"east": {"uv": [0, 0, 0, 1.75], "texture": "#0", "tintindex": 0},
				"south": {"uv": [5, 5.25, 5.79688, 7], "texture": "#0", "tintindex": 0},
				"west": {"uv": [0, 0, 0, 1.75], "texture": "#0", "tintindex": 0},
				"up": {"uv": [0.79688, 0, 0, 0], "texture": "#0", "tintindex": 0},
				"down": {"uv": [0.79688, 0, 0, 0], "texture": "#0", "tintindex": 0}
			}
		},
		{
			"name": "hexadecagon",
			"from": [6.4087, 0, 0],
			"to": [9.5913, 7, 0],
			"rotation": {"angle": 0, "axis": "y", "origin": [8, 1, 8]},
			"faces": {
				"north": {"uv": [6, 0, 6.79688, 1.75], "texture": "#0", "tintindex": 0},
				"east": {"uv": [0, 0, 0, 1.75], "texture": "#0", "tintindex": 0},
				"south": {"uv": [6, 1.75, 6.79688, 3.5], "texture": "#0", "tintindex": 0},
				"west": {"uv": [0, 0, 0, 1.75], "texture": "#0", "tintindex": 0},
				"up": {"uv": [0.79688, 0, 0, 0], "texture": "#0", "tintindex": 0},
				"down": {"uv": [0.79688, 0, 0, 0], "texture": "#0", "tintindex": 0}
			}
		},
		{
			"name": "hexadecagon",
			"from": [6.4087, 0, 0],
			"to": [9.5913, 7, 0],
			"rotation": {"angle": 22.5, "axis": "y", "origin": [8, 1, 8]},
			"faces": {
				"north": {"uv": [6, 3.5, 6.79688, 5.25], "texture": "#0", "tintindex": 0},
				"east": {"uv": [0, 0, 0, 1.75], "texture": "#0", "tintindex": 0},
				"south": {"uv": [6, 5.25, 6.79688, 7], "texture": "#0", "tintindex": 0},
				"west": {"uv": [0, 0, 0, 1.75], "texture": "#0", "tintindex": 0},
				"up": {"uv": [0.79688, 0, 0, 0], "texture": "#0", "tintindex": 0},
				"down": {"uv": [0.79688, 0, 0, 0], "texture": "#0", "tintindex": 0}
			}
		},
		{
			"name": "hexadecagon",
			"from": [6.4087, 0, 0],
			"to": [9.5913, 7, 0],
			"rotation": {"angle": 45, "axis": "y", "origin": [8, 1, 8]},
			"faces": {
				"north": {"uv": [0, 7, 0.79688, 8.75], "texture": "#0", "tintindex": 0},
				"east": {"uv": [0, 0, 0, 1.75], "texture": "#0", "tintindex": 0},
				"south": {"uv": [7, 0, 7.79688, 1.75], "texture": "#0", "tintindex": 0},
				"west": {"uv": [0, 0, 0, 1.75], "texture": "#0", "tintindex": 0},
				"up": {"uv": [0.79688, 0, 0, 0], "texture": "#0", "tintindex": 0},
				"down": {"uv": [0.79688, 0, 0, 0], "texture": "#0", "tintindex": 0}
			}
		},
		{
			"name": "hexadecagon",
			"from": [0, 0, 6.4087],
			"to": [0, 7, 9.5913],
			"rotation": {"angle": -22.5, "axis": "y", "origin": [8, 1, 8]},
			"faces": {
				"north": {"uv": [0, 0, 0, 1.75], "texture": "#0", "tintindex": 0},
				"east": {"uv": [1, 7, 1.79688, 8.75], "texture": "#0", "tintindex": 0},
				"south": {"uv": [0, 0, 0, 1.75], "texture": "#0", "tintindex": 0},
				"west": {"uv": [7, 1.75, 7.79688, 3.5], "texture": "#0", "tintindex": 0},
				"up": {"uv": [0, 0.79688, 0, 0], "texture": "#0", "tintindex": 0},
				"down": {"uv": [0, 0, 0, 0.79688], "texture": "#0", "tintindex": 0}
			}
		}
	],
	"groups": [
		{
			"name": "hexadecagon",
			"origin": [8, 8, 8],
			"color": 0,
			"children": [0, 1, 2, 3, 4, 5, 6, 7, 8, 9, 10, 11, 12, 13, 14, 15]
		}
	]
}