{
	"credit": "Made with Blockbench",
	"texture_size": [32, 32],
	"textures": {
		"0": "skyblock/setup/confetti",
		"particle": "skyblock/setup/confetti"
	},
	"elements": [
		{
			"from": [5.70842, 4.51971, 5],
			"to": [11.70842, 6.51971, 7],
			"rotation": {"angle": -22.5, "axis": "z", "origin": [7.67284, 7.92583, 8]},
			"faces": {
				"north": {"uv": [0, 0, 3, 1], "texture": "#0", "tintindex": 0},
				"east": {"uv": [0, 8, 1, 9], "texture": "#0", "tintindex": 0},
				"south": {"uv": [0, 1, 3, 2], "texture": "#0", "tintindex": 0},
				"west": {"uv": [1, 8, 2, 9], "texture": "#0", "tintindex": 0},
				"up": {"uv": [3, 3, 0, 2], "texture": "#0", "tintindex": 0},
				"down": {"uv": [3, 3, 0, 4], "texture": "#0", "tintindex": 0}
			}
		},
		{
			"from": [3.14444, 10.7097, 5],
			"to": [9.14444, 12.7097, 7],
			"rotation": {"angle": -22.5, "axis": "z", "origin": [7.67284, 7.92583, 8]},
			"faces": {
				"north": {"uv": [3, 0, 6, 1], "texture": "#0", "tintindex": 0},
				"east": {"uv": [5, 10, 6, 11], "texture": "#0", "tintindex": 0},
				"south": {"uv": [3, 1, 6, 2], "texture": "#0", "tintindex": 0},
				"west": {"uv": [10, 6, 11, 7], "texture": "#0", "tintindex": 0},
				"up": {"uv": [6, 3, 3, 2], "texture": "#0", "tintindex": 0},
				"down": {"uv": [6, 3, 3, 4], "texture": "#0", "tintindex": 0}
			}
		},
		{
			"from": [4.5, 6.1072, 4.49388],
			"to": [6.5, 8.1072, 10.49388],
			"rotation": {"angle": -22.5, "axis": "x", "origin": [7.67284, 7.92583, 8]},
			"faces": {
				"north": {"uv": [10, 7, 11, 8], "texture": "#0", "tintindex": 0},
				"east": {"uv": [0, 4, 3, 5], "texture": "#0", "tintindex": 0},
				"south": {"uv": [8, 10, 9, 11], "texture": "#0", "tintindex": 0},
				"west": {"uv": [3, 4, 6, 5], "texture": "#0", "tintindex": 0},
				"up": {"uv": [1, 8, 0, 5], "texture": "#0", "tintindex": 0},
				"down": {"uv": [2, 5, 1, 8], "texture": "#0", "tintindex": 0}
			}
		},
		{
			"from": [5, 0.10198, 2.00643],
			"to": [7, 2.10198, 8.00643],
			"rotation": {"angle": -22.5, "axis": "x", "origin": [7.67284, 7.92583, 8]},
			"faces": {
				"north": {"uv": [10, 8, 11, 9], "texture": "#0", "tintindex": 0},
				"east": {"uv": [2, 5, 5, 6], "texture": "#0", "tintindex": 0},
				"south": {"uv": [9, 10, 10, 11], "texture": "#0", "tintindex": 0},
				"west": {"uv": [5, 5, 8, 6], "texture": "#0", "tintindex": 0},
				"up": {"uv": [7, 3, 6, 0], "texture": "#0", "tintindex": 0},
				"down": {"uv": [3, 6, 2, 9], "texture": "#0", "tintindex": 0}
			}
		},
		{
			"from": [4.75, 12.29719, 7.05785],
			"to": [6.75, 14.29719, 13.05785],
			"rotation": {"angle": -22.5, "axis": "x", "origin": [7.67284, 7.92583, 8]},
			"faces": {
				"north": {"uv": [10, 10, 11, 11], "texture": "#0", "tintindex": 0},
				"east": {"uv": [3, 6, 6, 7], "texture": "#0", "tintindex": 0},
				"south": {"uv": [0, 11, 1, 12], "texture": "#0", "tintindex": 0},
				"west": {"uv": [6, 3, 9, 4], "texture": "#0", "tintindex": 0},
				"up": {"uv": [7, 9, 6, 6], "texture": "#0", "tintindex": 0},
				"down": {"uv": [8, 0, 7, 3], "texture": "#0", "tintindex": 0}
			}
		},
		{
			"from": [4.88856, 7.64827, 9],
			"to": [10.88856, 9.64827, 11],
			"rotation": {"angle": 22.5, "axis": "z", "origin": [7.67284, 7.92583, 8]},
			"faces": {
				"north": {"uv": [6, 4, 9, 5], "texture": "#0", "tintindex": 0},
				"east": {"uv": [11, 0, 12, 1], "texture": "#0", "tintindex": 0},
				"south": {"uv": [3, 7, 6, 8], "texture": "#0", "tintindex": 0},
				"west": {"uv": [1, 11, 2, 12], "texture": "#0", "tintindex": 0},
				"up": {"uv": [10, 7, 7, 6], "texture": "#0", "tintindex": 0},
				"down": {"uv": [10, 7, 7, 8], "texture": "#0", "tintindex": 0}
			}
		},
		{
			"from": [2.63209, 1.54738, 9],
			"to": [8.63209, 3.54738, 11],
			"rotation": {"angle": 22.5, "axis": "z", "origin": [7.67284, 7.92583, 8]},
			"faces": {
				"north": {"uv": [8, 0, 11, 1], "texture": "#0", "tintindex": 0},
				"east": {"uv": [11, 1, 12, 2], "texture": "#0", "tintindex": 0},
				"south": {"uv": [8, 1, 11, 2], "texture": "#0", "tintindex": 0},
				"west": {"uv": [2, 11, 3, 12], "texture": "#0", "tintindex": 0},
				"up": {"uv": [11, 3, 8, 2], "texture": "#0", "tintindex": 0},
				"down": {"uv": [6, 8, 3, 9], "texture": "#0", "tintindex": 0}
			}
		},
		{
			"from": [7.68351, 13.74259, 8.75],
			"to": [13.68351, 15.74259, 10.75],
			"rotation": {"angle": 22.5, "axis": "z", "origin": [7.67284, 7.92583, 8]},
			"faces": {
				"north": {"uv": [8, 5, 11, 6], "texture": "#0", "tintindex": 0},
				"east": {"uv": [11, 2, 12, 3], "texture": "#0", "tintindex": 0},
				"south": {"uv": [7, 8, 10, 9], "texture": "#0", "tintindex": 0},
				"west": {"uv": [5, 11, 6, 12], "texture": "#0", "tintindex": 0},
				"up": {"uv": [3, 10, 0, 9], "texture": "#0", "tintindex": 0},
				"down": {"uv": [6, 9, 3, 10], "texture": "#0", "tintindex": 0}
			}
		},
		{
			"from": [8.84568, 9.28172, 4.02416],
			"to": [10.84568, 11.28172, 10.02416],
			"rotation": {"angle": 22.5, "axis": "x", "origin": [7.67284, 7.92583, 8]},
			"faces": {
				"north": {"uv": [11, 5, 12, 6], "texture": "#0", "tintindex": 0},
				"east": {"uv": [9, 3, 12, 4], "texture": "#0", "tintindex": 0},
				"south": {"uv": [11, 6, 12, 7], "texture": "#0", "tintindex": 0},
				"west": {"uv": [9, 4, 12, 5], "texture": "#0", "tintindex": 0},
				"up": {"uv": [7, 12, 6, 9], "texture": "#0", "tintindex": 0},
				"down": {"uv": [8, 9, 7, 12], "texture": "#0", "tintindex": 0}
			}
		},
		{
			"from": [8.84568, 3.09173, 6.58814],
			"to": [10.84568, 5.09173, 12.58814],
			"rotation": {"angle": 22.5, "axis": "x", "origin": [7.67284, 7.92583, 8]},
			"faces": {
				"north": {"uv": [11, 7, 12, 8], "texture": "#0", "tintindex": 0},
				"east": {"uv": [8, 9, 11, 10], "texture": "#0", "tintindex": 0},
				"south": {"uv": [8, 11, 9, 12], "texture": "#0", "tintindex": 0},
				"west": {"uv": [0, 10, 3, 11], "texture": "#0", "tintindex": 0},
				"up": {"uv": [4, 13, 3, 10], "texture": "#0", "tintindex": 0},
				"down": {"uv": [5, 10, 4, 13], "texture": "#0", "tintindex": 0}
			}
		}
	]
}