{
	"credit": "Made with Blockbench",
	"texture_size": [64, 64],
	"textures": {
		"0": "skyblock/setup/tint",
		"particle": "skyblock/setup/tint"
	},
	"elements": [
		{
			"from": [0, 0, 0],
			"to": [16, 16, 16],
			"faces": {
				"north": {"uv": [0, 0, 4, 4], "texture": "#0", "tintindex": 0},
				"east": {"uv": [0, 4, 4, 8], "texture": "#0", "tintindex": 0},
				"south": {"uv": [4, 0, 8, 4], "texture": "#0", "tintindex": 0},
				"west": {"uv": [4, 4, 8, 8], "texture": "#0", "tintindex": 0},
				"up": {"uv": [4, 12, 0, 8], "texture": "#0", "tintindex": 0},
				"down": {"uv": [12, 0, 8, 4], "texture": "#0", "tintindex": 0}
			}
		}
	]
}