{
	"credit": "Made with Blockbench",
	"textures": {
		"0": "skyblock/setup/body",
		"5": "skyblock/setup/letterl",
		"particle": "skyblock/setup/body"
	},
	"elements": [
		{
			"from": [5, 0.75, 4],
			"to": [11, 2.75, 4],
			"rotation": {"angle": 0, "axis": "y", "origin": [9, 0.75, 4]},
			"faces": {
				"north": {"uv": [6, 0, 12, 2], "texture": "#5"},
				"east": {"uv": [0, 0, 0, 2], "texture": "#5"},
				"south": {"uv": [6, 2, 12, 4], "texture": "#5"},
				"west": {"uv": [0, 0, 0, 2], "texture": "#5"},
				"up": {"uv": [6, 0, 0, 0], "texture": "#5"},
				"down": {"uv": [6, 0, 0, 0], "texture": "#5"}
			}
		},
		{
			"from": [8, 2.75, 4],
			"to": [11, 10.75, 4],
			"rotation": {"angle": 0, "axis": "y", "origin": [9, 3.75, 4]},
			"faces": {
				"north": {"uv": [0, 0, 3, 8], "texture": "#5"},
				"east": {"uv": [0, 0, 0, 8], "texture": "#5"},
				"south": {"uv": [3, 0, 6, 8], "texture": "#5"},
				"west": {"uv": [0, 0, 0, 8], "texture": "#5"},
				"up": {"uv": [3, 0, 0, 0], "texture": "#5"},
				"down": {"uv": [3, 0, 0, 0], "texture": "#5"}
			}
		},
		{
			"from": [7.25, 3.5, 4.01],
			"to": [11.75, 11.5, 12.01],
			"rotation": {"angle": 0, "axis": "y", "origin": [9, 3.75, 4]},
			"faces": {
				"north": {"uv": [0, 0, 4.5, 8], "texture": "#0"},
				"east": {"uv": [0, 0, 8, 8], "texture": "#0"},
				"south": {"uv": [0, 0, 4.5, 8], "texture": "#0"},
				"west": {"uv": [0, 0, 8, 8], "texture": "#0"},
				"up": {"uv": [0, 0, 4.5, 8], "texture": "#0"},
				"down": {"uv": [0, 0, 4.5, 8], "texture": "#0"}
			}
		},
		{
			"from": [4.25, 0, 4.01],
			"to": [11.75, 3.5, 12.01],
			"rotation": {"angle": 0, "axis": "y", "origin": [9, 0.75, 4]},
			"faces": {
				"north": {"uv": [0, 0, 7.5, 3.5], "texture": "#0"},
				"east": {"uv": [0, 0, 8, 3.5], "texture": "#0"},
				"south": {"uv": [0, 0, 7.5, 3.5], "texture": "#0"},
				"west": {"uv": [0, 0, 8, 3.5], "texture": "#0"},
				"up": {"uv": [0, 0, 7.5, 8], "texture": "#0"},
				"down": {"uv": [0, 0, 7.5, 8], "texture": "#0"}
			}
		}
	]
}