{
	"credit": "Made with Blockbench",
	"textures": {
		"0": "skyblock/setup/body",
		"2": "skyblock/setup/letterk",
		"particle": "skyblock/setup/body"
	},
	"elements": [
		{
			"from": [8.5, 0.75, 4],
			"to": [11.5, 10.75, 4],
			"rotation": {"angle": 0, "axis": "y", "origin": [9.5, 0.75, 4]},
			"faces": {
				"north": {"uv": [0, 0, 3, 10], "texture": "#2"},
				"east": {"uv": [0, 0, 0, 10], "texture": "#2"},
				"south": {"uv": [3, 0, 6, 10], "texture": "#2"},
				"west": {"uv": [0, 0, 0, 10], "texture": "#2"},
				"up": {"uv": [3, 0, 0, 0], "texture": "#2"},
				"down": {"uv": [3, 0, 0, 0], "texture": "#2"}
			}
		},
		{
			"from": [7.5, 3.75, 4],
			"to": [8.5, 7.75, 4],
			"rotation": {"angle": 0, "axis": "y", "origin": [6.5, 0.75, 4]},
			"faces": {
				"north": {"uv": [9, 8, 10, 12], "texture": "#2"},
				"east": {"uv": [0, 0, 0, 4], "texture": "#2"},
				"south": {"uv": [0, 10, 1, 14], "texture": "#2"},
				"west": {"uv": [0, 0, 0, 4], "texture": "#2"},
				"up": {"uv": [1, 0, 0, 0], "texture": "#2"},
				"down": {"uv": [1, 0, 0, 0], "texture": "#2"}
			}
		},
		{
			"from": [6.5, 5.75, 4],
			"to": [7.5, 6.75, 4],
			"rotation": {"angle": 0, "axis": "y", "origin": [6.5, 0.75, 4]},
			"faces": {
				"north": {"uv": [1, 10, 2, 11], "texture": "#2"},
				"east": {"uv": [0, 0, 0, 1], "texture": "#2"},
				"south": {"uv": [2, 10, 3, 11], "texture": "#2"},
				"west": {"uv": [0, 0, 0, 1], "texture": "#2"},
				"up": {"uv": [1, 0, 0, 0], "texture": "#2"},
				"down": {"uv": [1, 0, 0, 0], "texture": "#2"}
			}
		},
		{
			"from": [4.5, 6.75, 4],
			"to": [7.5, 10.75, 4],
			"rotation": {"angle": 0, "axis": "y", "origin": [4.5, 3.75, 4]},
			"faces": {
				"north": {"uv": [9, 0, 12, 4], "texture": "#2"},
				"east": {"uv": [0, 0, 0, 4], "texture": "#2"},
				"south": {"uv": [9, 4, 12, 8], "texture": "#2"},
				"west": {"uv": [0, 0, 0, 4], "texture": "#2"},
				"up": {"uv": [3, 0, 0, 0], "texture": "#2"},
				"down": {"uv": [3, 0, 0, 0], "texture": "#2"}
			}
		},
		{
			"from": [4.5, 0.75, 4],
			"to": [7.5, 5.75, 4],
			"rotation": {"angle": 0, "axis": "y", "origin": [4.5, -2.25, 4]},
			"faces": {
				"north": {"uv": [6, 0, 9, 5], "texture": "#2"},
				"east": {"uv": [0, 0, 0, 5], "texture": "#2"},
				"south": {"uv": [6, 5, 9, 10], "texture": "#2"},
				"west": {"uv": [0, 0, 0, 5], "texture": "#2"},
				"up": {"uv": [3, 0, 0, 0], "texture": "#2"},
				"down": {"uv": [3, 0, 0, 0], "texture": "#2"}
			}
		},
		{
			"from": [8.25, 0, 4.01],
			"to": [12.25, 11.5, 12.01],
			"rotation": {"angle": 0, "axis": "y", "origin": [9.5, 0.75, 4]},
			"faces": {
				"north": {"uv": [0, 0, 4, 11.5], "texture": "#0"},
				"east": {"uv": [0, 0, 8, 11.5], "texture": "#0"},
				"south": {"uv": [0, 0, 4, 11.5], "texture": "#0"},
				"west": {"uv": [0, 0, 8, 11.5], "texture": "#0"},
				"up": {"uv": [0, 0, 4, 8], "texture": "#0"},
				"down": {"uv": [0, 0, 4, 8], "texture": "#0"}
			}
		},
		{
			"from": [3.75, 6, 4.01],
			"to": [8.25, 11.5, 12.01],
			"rotation": {"angle": 0, "axis": "y", "origin": [4.5, 3.75, 4]},
			"faces": {
				"north": {"uv": [0, 0, 4.5, 5.5], "texture": "#0"},
				"east": {"uv": [0, 0, 8, 5.5], "texture": "#0"},
				"south": {"uv": [0, 0, 4.5, 5.5], "texture": "#0"},
				"west": {"uv": [0, 0, 8, 5.5], "texture": "#0"},
				"up": {"uv": [0, 0, 4.5, 8], "texture": "#0"},
				"down": {"uv": [0, 0, 4.5, 8], "texture": "#0"}
			}
		},
		{
			"from": [3.75, 0, 4.01],
			"to": [8.25, 6, 12.01],
			"rotation": {"angle": 0, "axis": "y", "origin": [4.5, -2.25, 4]},
			"faces": {
				"north": {"uv": [0, 0, 4.5, 6], "texture": "#0"},
				"east": {"uv": [0, 0, 8, 6], "texture": "#0"},
				"south": {"uv": [0, 0, 4.5, 6], "texture": "#0"},
				"west": {"uv": [0, 0, 8, 6], "texture": "#0"},
				"up": {"uv": [0, 0, 4.5, 8], "texture": "#0"},
				"down": {"uv": [0, 0, 4.5, 8], "texture": "#0"}
			}
		}
	]
}