{
	"credit": "Made with Blockbench",
	"textures": {
		"0": "skyblock/setup/body",
		"6": "skyblock/setup/lettero",
		"particle": "skyblock/setup/body"
	},
	"elements": [
		{
			"from": [8.5, 0.75, 4],
			"to": [11.5, 10.75, 4],
			"rotation": {"angle": 0, "axis": "y", "origin": [9.5, 0.75, 4]},
			"faces": {
				"north": {"uv": [6, 0, 9, 10], "texture": "#6"},
				"east": {"uv": [0, 0, 0, 10], "texture": "#6"},
				"south": {"uv": [9, 0, 12, 10], "texture": "#6"},
				"west": {"uv": [0, 0, 0, 10], "texture": "#6"},
				"up": {"uv": [3, 0, 0, 0], "texture": "#6"},
				"down": {"uv": [3, 0, 0, 0], "texture": "#6"}
			}
		},
		{
			"from": [4.5, 0.75, 4],
			"to": [7.5, 10.75, 4],
			"rotation": {"angle": 0, "axis": "y", "origin": [5.5, 0.75, 4]},
			"faces": {
				"north": {"uv": [0, 0, 3, 10], "texture": "#6"},
				"east": {"uv": [0, 0, 0, 10], "texture": "#6"},
				"south": {"uv": [3, 0, 6, 10], "texture": "#6"},
				"west": {"uv": [0, 0, 0, 10], "texture": "#6"},
				"up": {"uv": [3, 0, 0, 0], "texture": "#6"},
				"down": {"uv": [3, 0, 0, 0], "texture": "#6"}
			}
		},
		{
			"from": [7.5, 8.75, 4],
			"to": [8.5, 10.75, 4],
			"rotation": {"angle": 0, "axis": "y", "origin": [6.5, 0.75, 4]},
			"faces": {
				"north": {"uv": [0, 10, 1, 12], "texture": "#6"},
				"east": {"uv": [0, 0, 0, 2], "texture": "#6"},
				"south": {"uv": [1, 10, 2, 12], "texture": "#6"},
				"west": {"uv": [0, 0, 0, 2], "texture": "#6"},
				"up": {"uv": [1, 0, 0, 0], "texture": "#6"},
				"down": {"uv": [1, 0, 0, 0], "texture": "#6"}
			}
		},
		{
			"from": [7.5, 0.75, 4],
			"to": [8.5, 2.75, 4],
			"rotation": {"angle": 0, "axis": "y", "origin": [6.5, -7.25, 4]},
			"faces": {
				"north": {"uv": [2, 10, 3, 12], "texture": "#6"},
				"east": {"uv": [0, 0, 0, 2], "texture": "#6"},
				"south": {"uv": [3, 10, 4, 12], "texture": "#6"},
				"west": {"uv": [0, 0, 0, 2], "texture": "#6"},
				"up": {"uv": [1, 0, 0, 0], "texture": "#6"},
				"down": {"uv": [1, 0, 0, 0], "texture": "#6"}
			}
		},
		{
			"from": [3.75, 0, 4.01],
			"to": [12.25, 11.5, 12.01],
			"rotation": {"angle": 0, "axis": "y", "origin": [5.5, 0.75, 4]},
			"faces": {
				"north": {"uv": [0, 0, 8.5, 11.5], "texture": "#0"},
				"east": {"uv": [0, 0, 8, 11.5], "texture": "#0"},
				"south": {"uv": [0, 0, 8.5, 11.5], "texture": "#0"},
				"west": {"uv": [0, 0, 8, 11.5], "texture": "#0"},
				"up": {"uv": [0, 0, 8.5, 8], "texture": "#0"},
				"down": {"uv": [0, 0, 8.5, 8], "texture": "#0"}
			}
		}
	]
}