{
	"credit": "Made with Blockbench",
	"textures": {
		"0": "skyblock/setup/body",
		"4": "skyblock/setup/letterb",
		"particle": "skyblock/setup/body"
	},
	"elements": [
		{
			"from": [4.5, 0.75, 4],
			"to": [11.5, 2.75, 4],
			"rotation": {"angle": 0, "axis": "y", "origin": [9.5, 0.75, 4]},
			"faces": {
				"north": {"uv": [0, 4, 7, 6], "texture": "#4"},
				"east": {"uv": [0, 0, 0, 2], "texture": "#4"},
				"south": {"uv": [0, 6, 7, 8], "texture": "#4"},
				"west": {"uv": [0, 0, 0, 2], "texture": "#4"},
				"up": {"uv": [7, 0, 0, 0], "texture": "#4"},
				"down": {"uv": [7, 0, 0, 0], "texture": "#4"}
			}
		},
		{
			"from": [8.5, 2.75, 4],
			"to": [11.5, 4.75, 4],
			"rotation": {"angle": 0, "axis": "y", "origin": [9.5, 2.75, 4]},
			"faces": {
				"north": {"uv": [9, 8, 12, 10], "texture": "#4"},
				"east": {"uv": [0, 0, 0, 2], "texture": "#4"},
				"south": {"uv": [0, 10, 3, 12], "texture": "#4"},
				"west": {"uv": [0, 0, 0, 2], "texture": "#4"},
				"up": {"uv": [3, 0, 0, 0], "texture": "#4"},
				"down": {"uv": [3, 0, 0, 0], "texture": "#4"}
			}
		},
		{
			"from": [8.5, 6.75, 4],
			"to": [11.5, 8.75, 4],
			"rotation": {"angle": 0, "axis": "y", "origin": [9.5, 6.75, 4]},
			"faces": {
				"north": {"uv": [7, 6, 10, 8], "texture": "#4"},
				"east": {"uv": [0, 0, 0, 2], "texture": "#4"},
				"south": {"uv": [0, 8, 3, 10], "texture": "#4"},
				"west": {"uv": [0, 0, 0, 2], "texture": "#4"},
				"up": {"uv": [3, 0, 0, 0], "texture": "#4"},
				"down": {"uv": [3, 0, 0, 0], "texture": "#4"}
			}
		},
		{
			"from": [4.5, 6.75, 4],
			"to": [7.5, 8.75, 4],
			"rotation": {"angle": 0, "axis": "y", "origin": [5.5, 6.75, 4]},
			"faces": {
				"north": {"uv": [7, 2, 10, 4], "texture": "#4"},
				"east": {"uv": [0, 0, 0, 2], "texture": "#4"},
				"south": {"uv": [7, 4, 10, 6], "texture": "#4"},
				"west": {"uv": [0, 0, 0, 2], "texture": "#4"},
				"up": {"uv": [3, 0, 0, 0], "texture": "#4"},
				"down": {"uv": [3, 0, 0, 0], "texture": "#4"}
			}
		},
		{
			"from": [4.5, 8.75, 4],
			"to": [11.5, 10.75, 4],
			"rotation": {"angle": 0, "axis": "y", "origin": [9.5, 8.75, 4]},
			"faces": {
				"north": {"uv": [0, 0, 7, 2], "texture": "#4"},
				"east": {"uv": [0, 0, 0, 2], "texture": "#4"},
				"south": {"uv": [0, 2, 7, 4], "texture": "#4"},
				"west": {"uv": [0, 0, 0, 2], "texture": "#4"},
				"up": {"uv": [7, 0, 0, 0], "texture": "#4"},
				"down": {"uv": [7, 0, 0, 0], "texture": "#4"}
			}
		},
		{
			"from": [4.5, 2.75, 4],
			"to": [7.5, 4.75, 4],
			"rotation": {"angle": 0, "axis": "y", "origin": [4.5, 2.75, 4]},
			"faces": {
				"north": {"uv": [10, 2, 13, 4], "texture": "#4"},
				"east": {"uv": [0, 0, 0, 2], "texture": "#4"},
				"south": {"uv": [3, 10, 6, 12], "texture": "#4"},
				"west": {"uv": [0, 0, 0, 2], "texture": "#4"},
				"up": {"uv": [3, 0, 0, 0], "texture": "#4"},
				"down": {"uv": [3, 0, 0, 0], "texture": "#4"}
			}
		},
		{
			"from": [4.5, 4.75, 4],
			"to": [11.5, 5.75, 4],
			"rotation": {"angle": 0, "axis": "y", "origin": [4.5, 4.75, 4]},
			"faces": {
				"north": {"uv": [7, 0, 14, 1], "texture": "#4"},
				"east": {"uv": [0, 0, 0, 1], "texture": "#4"},
				"south": {"uv": [7, 1, 14, 2], "texture": "#4"},
				"west": {"uv": [0, 0, 0, 1], "texture": "#4"},
				"up": {"uv": [7, 0, 0, 0], "texture": "#4"},
				"down": {"uv": [7, 0, 0, 0], "texture": "#4"}
			}
		},
		{
			"from": [5.5, 5.75, 4],
			"to": [11.5, 6.75, 4],
			"rotation": {"angle": 0, "axis": "y", "origin": [4.5, 5.75, 4]},
			"faces": {
				"north": {"uv": [3, 8, 9, 9], "texture": "#4"},
				"east": {"uv": [0, 0, 0, 1], "texture": "#4"},
				"south": {"uv": [3, 9, 9, 10], "texture": "#4"},
				"west": {"uv": [0, 0, 0, 1], "texture": "#4"},
				"up": {"uv": [6, 0, 0, 0], "texture": "#4"},
				"down": {"uv": [6, 0, 0, 0], "texture": "#4"}
			}
		},
		{
			"from": [3.75, 0, 4.01],
			"to": [12.25, 11.5, 12.01],
			"rotation": {"angle": 0, "axis": "y", "origin": [9.5, 8.75, 4]},
			"faces": {
				"north": {"uv": [0, 0, 8.5, 11.5], "texture": "#0"},
				"east": {"uv": [0, 0, 8, 11.5], "texture": "#0"},
				"south": {"uv": [0, 0, 8.5, 11.5], "texture": "#0"},
				"west": {"uv": [0, 0, 8, 11.5], "texture": "#0"},
				"up": {"uv": [0, 0, 8.5, 8], "texture": "#0"},
				"down": {"uv": [0, 0, 8.5, 8], "texture": "#0"}
			}
		}
	]
}