{
	"credit": "Made with Blockbench",
	"textures": {
		"0": "skyblock/setup/body",
		"7": "skyblock/setup/letterc",
		"particle": "skyblock/setup/body"
	},
	"elements": [
		{
			"from": [4.5, 0.75, 4],
			"to": [11.5, 2.75, 4],
			"rotation": {"angle": 0, "axis": "y", "origin": [4.5, 0.75, 4]},
			"faces": {
				"north": {"uv": [6, 2, 13, 4], "texture": "#7"},
				"east": {"uv": [0, 0, 0, 2], "texture": "#7"},
				"south": {"uv": [6, 4, 13, 6], "texture": "#7"},
				"west": {"uv": [0, 0, 0, 2], "texture": "#7"},
				"up": {"uv": [7, 0, 0, 0], "texture": "#7"},
				"down": {"uv": [7, 0, 0, 0], "texture": "#7"}
			}
		},
		{
			"from": [4.5, 8.75, 4],
			"to": [11.5, 10.75, 4],
			"rotation": {"angle": 0, "axis": "y", "origin": [4.5, 8.75, 4]},
			"faces": {
				"north": {"uv": [0, 6, 7, 8], "texture": "#7"},
				"east": {"uv": [0, 0, 0, 2], "texture": "#7"},
				"south": {"uv": [6, 0, 13, 2], "texture": "#7"},
				"west": {"uv": [0, 0, 0, 2], "texture": "#7"},
				"up": {"uv": [7, 0, 0, 0], "texture": "#7"},
				"down": {"uv": [7, 0, 0, 0], "texture": "#7"}
			}
		},
		{
			"from": [8.5, 2.75, 4],
			"to": [11.5, 8.75, 4],
			"rotation": {"angle": 0, "axis": "y", "origin": [4.5, 2.75, 4]},
			"faces": {
				"north": {"uv": [0, 0, 3, 6], "texture": "#7"},
				"east": {"uv": [0, 0, 0, 6], "texture": "#7"},
				"south": {"uv": [3, 0, 6, 6], "texture": "#7"},
				"west": {"uv": [0, 0, 0, 6], "texture": "#7"},
				"up": {"uv": [3, 0, 0, 0], "texture": "#7"},
				"down": {"uv": [3, 0, 0, 0], "texture": "#7"}
			}
		},
		{
			"from": [3.75, 8, 4.01],
			"to": [12.25, 11.5, 12.01],
			"rotation": {"angle": 0, "axis": "y", "origin": [4.5, 8.75, 4]},
			"faces": {
				"north": {"uv": [0, 0, 8.5, 3.5], "texture": "#0"},
				"east": {"uv": [0, 0, 8, 3.5], "texture": "#0"},
				"south": {"uv": [0, 0, 8.5, 3.5], "texture": "#0"},
				"west": {"uv": [0, 0, 8, 3.5], "texture": "#0"},
				"up": {"uv": [0, 0, 8.5, 8], "texture": "#0"},
				"down": {"uv": [0, 0, 8.5, 8], "texture": "#0"}
			}
		},
		{
			"from": [7.75, 3.5, 4.01],
			"to": [12.25, 8, 12.01],
			"rotation": {"angle": 0, "axis": "y", "origin": [4.5, 2.75, 4]},
			"faces": {
				"north": {"uv": [0, 0, 4.5, 4.5], "texture": "#0"},
				"east": {"uv": [0, 0, 8, 4.5], "texture": "#0"},
				"south": {"uv": [0, 0, 4.5, 4.5], "texture": "#0"},
				"west": {"uv": [0, 0, 8, 4.5], "texture": "#0"},
				"up": {"uv": [0, 0, 4.5, 8], "texture": "#0"},
				"down": {"uv": [0, 0, 4.5, 8], "texture": "#0"}
			}
		},
		{
			"from": [3.75, 0, 4.01],
			"to": [12.25, 3.5, 12.01],
			"rotation": {"angle": 0, "axis": "y", "origin": [4.5, 0.75, 4]},
			"faces": {
				"north": {"uv": [0, 0, 8.5, 3.5], "texture": "#0"},
				"east": {"uv": [0, 0, 8, 3.5], "texture": "#0"},
				"south": {"uv": [0, 0, 8.5, 3.5], "texture": "#0"},
				"west": {"uv": [0, 0, 8, 3.5], "texture": "#0"},
				"up": {"uv": [0, 0, 8.5, 8], "texture": "#0"},
				"down": {"uv": [0, 0, 8.5, 8], "texture": "#0"}
			}
		}
	]
}