{
	"credit": "Made with Blockbench",
	"textures": {
		"0": "skyblock/setup/mark",
		"particle": "skyblock/setup/mark"
	},
	"elements": [
		{
			"from": [7, 0, 7],
			"to": [9, 2, 9],
			"rotation": {"angle": 0, "axis": "y", "origin": [7, 0, 7]},
			"faces": {
				"north": {"uv": [4, 7, 6, 9], "texture": "#0"},
				"east": {"uv": [6, 7, 8, 9], "texture": "#0"},
				"south": {"uv": [8, 0, 10, 2], "texture": "#0"},
				"west": {"uv": [8, 2, 10, 4], "texture": "#0"},
				"up": {"uv": [10, 6, 8, 4], "texture": "#0"},
				"down": {"uv": [10, 6, 8, 8], "texture": "#0"}
			}
		},
		{
			"from": [7, 3, 7],
			"to": [9, 10, 9],
			"rotation": {"angle": 0, "axis": "y", "origin": [7, 3, 7]},
			"faces": {
				"north": {"uv": [0, 0, 2, 7], "texture": "#0"},
				"east": {"uv": [2, 0, 4, 7], "texture": "#0"},
				"south": {"uv": [4, 0, 6, 7], "texture": "#0"},
				"west": {"uv": [6, 0, 8, 7], "texture": "#0"},
				"up": {"uv": [2, 9, 0, 7], "texture": "#0"},
				"down": {"uv": [4, 7, 2, 9], "texture": "#0"}
			}
		}
	]
}