{
  "parent": "minecraft:item/generated",
  "textures": {
    "layer0": "minecraft:item/paper"
  },
	"overrides": [
        {"predicate":{"custom_model_data":7000},"model":"skyblock/setup/chest1"},
        {"predicate":{"custom_model_data":7001},"model":"skyblock/setup/chest2"},
        {"predicate":{"custom_model_data":7002},"model":"skyblock/setup/chest3"},
        {"predicate":{"custom_model_data":7003},"model":"skyblock/setup/jobrew1"},
        {"predicate":{"custom_model_data":7004},"model":"skyblock/setup/jobrew2"},
        {"predicate":{"custom_model_data":7005},"model":"skyblock/setup/jobrew3"},
        {"predicate":{"custom_model_data":7006},"model":"skyblock/setup/jobrew4"},
        {"predicate":{"custom_model_data":7007},"model":"skyblock/setup/jobrew5"},
        {"predicate":{"custom_model_data":7008},"model":"skyblock/setup/claimed"},
        {"predicate":{"custom_model_data":7009},"model":"skyblock/setup/lock"},
        {"predicate":{"custom_model_data":7010},"model":"skyblock/setup/magicfeather"},
        {"predicate":{"custom_model_data":7011},"model":"skyblock/setup/locked"}
      ]
}