{
    "providers": [
        {"type": "bitmap", "file": "minecraft:gui/skyblock/cratepreview.png","ascent": 26, "height": 140, "chars": [""]},
        {"type": "bitmap", "file": "minecraft:gui/skyblock/enchanter.png","ascent": 26, "height": 217, "chars": [""]},
        {"type": "bitmap", "file": "minecraft:gui/skyblock/enchanterfill.png","ascent": 26, "height": 217, "chars": [""]},
        {"type": "bitmap", "file": "minecraft:gui/skyblock/enchanterl2.png","ascent": 26, "height": 217, "chars": [""]},
        {"type": "bitmap", "file": "minecraft:gui/skyblock/opening.png","ascent": 26, "height": 140, "chars": [""]},
        {"type": "bitmap", "file": "minecraft:gui/skyblock/jobs.png","ascent": 26, "height": 140, "chars": [""]},
        {"type": "bitmap", "file": "minecraft:gui/skyblock/nojob.png","ascent": 26, "height": 140, "chars": [""]},
        {"type": "bitmap", "file": "minecraft:gui/skyblock/islandconfirm.png","ascent": 26, "height": 140, "chars": [""]},
        {"type": "bitmap", "file": "minecraft:gui/skyblock/auctions.png","ascent": 26, "height": 140, "chars": [""]},
        {"type": "bitmap", "file": "minecraft:gui/skyblock/minions.png","ascent": 26, "height": 140, "chars": [""]},
        {"type": "bitmap", "file": "minecraft:gui/skyblock/merchant.png","ascent": 26, "height": 140, "chars": [""]},
        {"type": "bitmap", "file": "minecraft:gui/skyblock/merchantconfirm.png","ascent": 26, "height": 140, "chars": [""]},
        {"type": "bitmap", "file": "minecraft:gui/skyblock/island.png","ascent": 26, "height": 140, "chars": [""]},
        {"type": "bitmap", "file": "minecraft:gui/skyblock/bank.png","ascent": 26, "height": 140, "chars": [""]},
        {"type": "bitmap", "file": "minecraft:gui/skyblock/glow.png","ascent": 26, "height": 140, "chars": [""]},
        {"type": "bitmap", "file": "minecraft:gui/skyblock/scroll1.png","ascent": 26, "height": 140, "chars": [""]},
        {"type": "bitmap", "file": "minecraft:gui/skyblock/scroll2.png","ascent": 26, "height": 140, "chars": [""]},
        {"type": "bitmap", "file": "minecraft:gui/skyblock/scroll3.png","ascent": 26, "height": 140, "chars": [""]},
        {"type": "bitmap", "file": "minecraft:gui/skyblock/scroll4.png","ascent": 26, "height": 140, "chars": [""]},
        {"type": "bitmap", "file": "minecraft:gui/skyblock/quests.png","ascent": 26, "height": 140, "chars": [""]},
        {"type": "bitmap", "file": "minecraft:gui/skyblock/questsmenu.png","ascent": 26, "height": 140, "chars": [""]},
        {"type": "bitmap", "file": "minecraft:gui/skyblock/shop.png","ascent": 26, "height": 140, "chars": [""]},
        {"type": "bitmap", "file": "minecraft:gui/skyblock/buy.png","ascent": 26, "height": 140, "chars": [""]},
        {"type": "bitmap", "file": "minecraft:gui/skyblock/sell.png","ascent": 26, "height": 140, "chars": [""]},
        {"type": "bitmap", "file": "minecraft:gui/skyblock/deposit.png","ascent": 26, "height": 140, "chars": [""]},
        {"type": "bitmap", "file": "minecraft:gui/skyblock/withdraw.png","ascent": 26, "height": 140, "chars": [""]},
        {"type": "bitmap", "file": "minecraft:gui/skyblock/reset.png","ascent": 26, "height": 140, "chars": [""]},
        {"type": "bitmap", "file": "minecraft:gui/skyblock/upgrades.png","ascent": 26, "height": 140, "chars": [""]},
        {"type": "bitmap", "file": "minecraft:gui/skyblock/level.png","ascent": 26, "height": 140, "chars": [""]},
        {"type": "bitmap", "file": "minecraft:gui/skyblock/afk.png","ascent": 26, "height": 140, "chars": [""]},
        {"type": "bitmap", "file": "minecraft:gui/skyblock/skins.png","ascent": 26, "height": 140, "chars": [""]},
        {"type": "bitmap", "file": "minecraft:gui/skyblock/missions.png","ascent": 26, "height": 140, "chars": [""]},
        {"type": "bitmap", "file": "minecraft:gui/skyblock/prefixes.png","ascent": 26, "height": 140, "chars": [""]},
        {"type": "bitmap", "file": "minecraft:gui/skyblock/clantagcolors.png","ascent": 26, "height": 140, "chars": [""]},
        {"type": "bitmap", "file": "minecraft:gui/skyblock/nickcolors.png","ascent": 26, "height": 140, "chars": [""]},
        {"type": "bitmap", "file": "minecraft:gui/skyblock/globalfly.png","ascent": 26, "height": 140, "chars": [""]},
        {"type": "bitmap", "file": "minecraft:gui/skyblock/minionslist.png","ascent": 26, "height": 140, "chars": [""]},
        {"type": "bitmap", "file": "minecraft:gui/skyblock/coinflip.png","ascent": 26, "height": 140, "chars": [""]},
        {"type": "bitmap", "file": "minecraft:gui/skyblock/homes.png","ascent": 26, "height": 140, "chars": [""]},
        {"type": "bitmap", "file": "minecraft:gui/skyblock/kits.png","ascent": 26, "height": 140, "chars": [""]},
        {"type": "bitmap", "file": "minecraft:gui/skyblock/ranks.png","ascent": 26, "height": 140, "chars": [""]},
        {"type": "bitmap", "file": "minecraft:gui/skyblock/coinflipstart.png","ascent": 26, "height": 140, "chars": [""]},
        {"type": "bitmap", "file": "minecraft:gui/skyblock/trade.png","ascent": 26, "height": 140, "chars": [""]},
        {"type": "bitmap", "file": "minecraft:gui/skyblock/pets.png","ascent": 26, "height": 140, "chars": [""]},
		{"type": "bitmap", "file": "minecraft:animation/1.png","ascent": 100,"height": 200,"chars": [""]},
        {"type": "bitmap", "file": "minecraft:animation/2.png","ascent": 100,"height": 200,"chars": [""]},
        {"type": "bitmap", "file": "minecraft:animation/3.png","ascent": 100,"height": 200,"chars": [""]},
        {"type": "bitmap", "file": "minecraft:animation/4.png","ascent": 100,"height": 200,"chars": [""]},
        {"type": "bitmap", "file": "minecraft:animation/5.png","ascent": 100,"height": 200,"chars": [""]},
        {"type": "bitmap", "file": "minecraft:animation/6.png","ascent": 100,"height": 200,"chars": [""]},
        {"type": "bitmap", "file": "minecraft:animation/7.png","ascent": 100,"height": 200,"chars": [""]},
        {"type": "bitmap", "file": "minecraft:animation/8.png","ascent": 100,"height": 200,"chars": [""]},
        {"type": "bitmap", "file": "minecraft:animation/9.png","ascent": 100,"height": 200,"chars": [""]},
        {"type": "bitmap", "file": "minecraft:font/spaces.png", "ascent": -5000, "height": -3, "chars": [""]},
        {"type": "bitmap", "file": "minecraft:font/spaces.png", "ascent": -5000, "height": -4, "chars": [""]},
        {"type": "bitmap", "file": "minecraft:font/spaces.png", "ascent": -5000, "height": -5, "chars": [""]},
        {"type": "bitmap", "file": "minecraft:font/spaces.png", "ascent": -5000, "height": -6, "chars": [""]},
        {"type": "bitmap", "file": "minecraft:font/spaces.png", "ascent": -5000, "height": -7, "chars": [""]},
        {"type": "bitmap", "file": "minecraft:font/spaces.png", "ascent": -5000, "height": -8, "chars": [""]},
        {"type": "bitmap", "file": "minecraft:font/spaces.png", "ascent": -5000, "height": -10, "chars": [""]},
        {"type": "bitmap", "file": "minecraft:font/spaces.png", "ascent": -5000, "height": -14, "chars": [""]},
        {"type": "bitmap", "file": "minecraft:font/spaces.png", "ascent": -5000, "height": -130, "chars": [""]},
        {"type": "bitmap", "file": "minecraft:font/spaces.png", "ascent": -5000, "height": -179, "chars": [""]},
        {"type": "bitmap", "file": "minecraft:effects/circle.png", "ascent": 128, "height": 256, "chars": [""]},
        {"type": "bitmap", "file": "minecraft:font/backgrounds/b0.png", "ascent": 11, "height": 14, "chars": [""]},
        {"type": "bitmap", "file": "minecraft:font/backgrounds/b1.png", "ascent": 11, "height": 14, "chars": [""]},
        {"type": "bitmap", "file": "minecraft:font/backgrounds/b2.png", "ascent": 11, "height": 14, "chars": [""]},
        {"type": "bitmap", "file": "minecraft:font/backgrounds/b3.png", "ascent": 11, "height": 14, "chars": [""]},
        {"type": "bitmap", "file": "minecraft:font/backgrounds/b4.png", "ascent": 11, "height": 14, "chars": [""]},
        {"type": "bitmap", "file": "minecraft:font/backgrounds/b5.png", "ascent": 11, "height": 14, "chars": [""]},
        {"type": "bitmap", "file": "minecraft:font/backgrounds/b6.png", "ascent": 11, "height": 14, "chars": [""]},
        {"type": "bitmap", "file": "minecraft:font/backgrounds/b12.png", "ascent": 11, "height": 14, "chars": [""]},
        {"type": "bitmap", "file": "minecraft:font/backgrounds/b16.png", "ascent": 11, "height": 14, "chars": [""]},
        {"type": "bitmap", "file": "minecraft:font/backgrounds/b32.png", "ascent": 11, "height": 14, "chars": [""]},
        {"type": "bitmap", "file": "minecraft:font/backgrounds/b64.png", "ascent": 11, "height": 14, "chars": [""]},
        {"type": "bitmap", "file": "minecraft:font/backgrounds/b128.png", "ascent": 11, "height": 14, "chars": [""]},
        {"type": "bitmap", "file": "minecraft:font/backgrounds/b0.png", "ascent": 11, "height": 14, "chars": [""]},
        {"type": "bitmap", "file": "minecraft:font/icons/coins.png", "ascent": 10, "height": 12, "chars": [""]},
        {"type": "bitmap", "file": "minecraft:font/icons/time.png", "ascent": 10, "height": 12, "chars": [""]},
        {"type": "bitmap", "file": "minecraft:font/icons/gems.png", "ascent": 10, "height": 12, "chars": [""]},
        {"type": "bitmap", "file": "minecraft:font/icons/generators.png", "ascent": 10, "height": 12, "chars": [""]},
        {"type": "bitmap", "file": "minecraft:font/icons/boost.png", "ascent": 10, "height": 12, "chars": [""]},
        {"type": "bitmap", "file": "minecraft:font/icons/plus.png", "ascent": 10, "height": 12, "chars": [""]},
        {"type": "bitmap", "file": "minecraft:font/icons/minus.png", "ascent": 10, "height": 12, "chars": [""]},
        {"type": "bitmap", "file": "minecraft:font/icons/star.png", "ascent": 10, "height": 12, "chars": [""]},
        {"type": "bitmap", "file": "minecraft:font/icons/circle.png", "ascent": 128, "height": 256, "chars": [""]},
        {"type": "bitmap", "file": "minecraft:font/ranks/member.png", "ascent": 7, "height": 7, "chars": [""]},
        {"type": "bitmap", "file": "minecraft:font/ranks/gold.png", "ascent": 7, "height": 7, "chars": [""]},
        {"type": "bitmap", "file": "minecraft:font/ranks/diamond.png", "ascent": 7, "height": 7, "chars": [""]},
        {"type": "bitmap", "file": "minecraft:font/ranks/emerald.png", "ascent": 7, "height": 7, "chars": [""]},
        {"type": "bitmap", "file": "minecraft:font/ranks/netherite.png", "ascent": 7, "height": 7, "chars": [""]},
        {"type": "bitmap", "file": "minecraft:font/ranks/helper.png", "ascent": 7, "height": 7, "chars": [""]},
        {"type": "bitmap", "file": "minecraft:font/ranks/moderator.png", "ascent": 7, "height": 7, "chars": [""]},
        {"type": "bitmap", "file": "minecraft:font/ranks/admin.png", "ascent": 7, "height": 7, "chars": [""]},
        {"type": "bitmap", "file": "minecraft:font/ranks/owner.png", "ascent": 7, "height": 7, "chars": [""]},
        {"type": "bitmap", "file": "minecraft:animation/background.png", "ascent": 128, "height": 256, "chars": [""]},
        {"type": "bitmap", "file": "minecraft:animation/clouds.png", "ascent": 128, "height": 256, "chars": [""]},
        {"type": "bitmap", "file": "minecraft:animation/island.png", "ascent": 128, "height": 256, "chars": [""]},
        {"type": "bitmap", "file": "minecraft:animation/stone.png", "ascent": 128, "height": 256, "chars": [""]},
        {"type": "bitmap", "file": "minecraft:animation/lava.png", "ascent": 128, "height": 256, "chars": [""]},
        {"type": "bitmap", "file": "minecraft:animation/water.png", "ascent": 128, "height": 256, "chars": [""]},
        {"type": "bitmap", "file": "minecraft:animation/grass.png", "ascent": 128, "height": 256, "chars": [""]},
        {"type": "bitmap", "file": "minecraft:animation/logs.png", "ascent": 128, "height": 256, "chars": [""]},
        {"type": "bitmap", "file": "minecraft:animation/fence.png", "ascent": 128, "height": 256, "chars": [""]},
        {"type": "bitmap", "file": "minecraft:animation/beehive.png", "ascent": 128, "height": 256, "chars": [""]},
        {"type": "bitmap", "file": "minecraft:animation/bees.png", "ascent": 128, "height": 256, "chars": [""]},
        {"type": "bitmap", "file": "minecraft:animation/skeletons.png", "ascent": 128, "height": 256, "chars": [""]},
        {"type": "bitmap", "file": "minecraft:animation/pig.png", "ascent": 128, "height": 256, "chars": [""]},
        {"type": "bitmap", "file": "minecraft:animation/fishes.png", "ascent": 128, "height": 256, "chars": [""]},
        {"type": "bitmap", "file": "minecraft:animation/lilypad.png", "ascent": 128, "height": 256, "chars": [""]},
        {"type": "bitmap", "file": "minecraft:animation/character.png", "ascent": 128, "height": 256, "chars": [""]},
        {"type": "bitmap", "file": "minecraft:animation/clouds2.png", "ascent": 128, "height": 256, "chars": [""]},
        {"type": "bitmap", "file": "minecraft:animation/background2.png", "ascent": 128, "height": 256, "chars": [""]}
    ]
}